"address","count"
"0xb42b20ddbeabdc2a288be7ff847ff94fb48d2579",401555
"0x2e05a304d3040f1399c8c20d2a9f659ae7521058",395685
"0x0031e147a79c45f24319dc02ca860cb6142fcba1",369731
"0x17bc58b788808dab201a9a90817ff3c168bf3d61",306610
"0x9862d074e33003726fa05c74f0142995f33a3250",206856
"0x6c3f07bfdfce0463457385129fed97f0992a111d",145958
"0x8c4b7870fc7dff2cb1e854858533ceddaf3eebf4",138981
"0x42da8a05cb7ed9a43572b5ba1b8f82a0a6e263dc",105582
"0x004bd3562a42c8a7394794849b8ff5ad71c527b2",84695
"0xbb50ce87be3443ed137df1dfdbf2fb0ca8c0a9e0",80690
"0xcdd37ada79f589c15bd4f8fd2083dc88e34a2af2",69126
"0xed212a4a2e82d5ee0d62f70b5dee2f5ee0f10c5d",68632
"0x822d9f6f6d1e0a9785a8dff3083858e2c888f078",59420
"0x86f855c130ccf3c3d306e56971e0a6b2c50fe13e",56130
"0x521db06bf657ed1d6c98553a70319a8ddbac75a3",46678
"0xaa3ee038335ba66417cf63f2ead0978cca66a1a2",46479
"0x0536806df512d6cdde913cf95c9886f65b1d3462",39033
"0x866f649cd9280d3dfa282372a3f5828839944959",36723
"0x58f56615180a8eea4c462235d9e215f72484b4a3",33767
"0xaa06234a864105b6191aad445e7ca1f79a8d5e96",31896
"0xab11204cfeaccffa63c2d23aef2ea9accdb0a0d5",26782
"0x174443351e21d47ed9ab51517a301107d92ede64",26589
"0xf2015a9160c9c9381ff99f19fc18e5af57cac8ed",25561
"0xeea5e6ea5998928352cf54425819436f80f95ae9",25093
"0xa2635b3d63b4e31976419865e1a81553bb347be3",23579
"0xe35f12181a2748285358b63cff25887410d0804b",22570
"0x09862ed5908c0a336f9f92e5ffeb9768deac6091",21637
"0xead6be34ce315940264519f250d8160f369fa5cd",21173
"0xd6c9710363cdb12eb585e817f431d44cfa442dde",19995
"0xa9a8bdaefb34ea98be19badb76bb686136412473",18268
"0x6b59210ade46b62b25e82e95ab390a7ccadd4c3a",18101
"0x731e6cc591b055001ccb9758008f636819df6152",17403
"0xd0d0fb67d2a37de67e1a794230bff37ee16737da",16665
"0x9d3de545f58c696946b4cf2c884fcf4f7914cb53",14917
"0xcf40d0d2b44f2b66e07cace1372ca42b73cf21a3",14895
"0x36b01066b7fa4a0fdb2968ea0256c848e9135674",14390
"0x4e3a20de4dc3baca80ace5e92e75c92d7fed40f1",14247
"0x48d466b7c0d32b61e8a82cd2bcf060f7c3f966df",13290
"0x744a51071df3b05cc78d1bee8cebd3018fbd095e",12511
"0x544c95080a81f25779e44fa715a881e69febfd37",11500
"0x165c27b635383fa2e39a05dd24f7e37a3ebb3848",11378
"0x31a2feb9b5d3b5f4e76c71d6c92fc46ebb3cb1c1",10360
"0x27447dbd2ee1bc2e2757cfbb6dc97fef8cbb9354",10000
"0xa2a8f158aed54ce9a73d41eeec23bf3a51b5654d",9969
"0xfbf2173154f7625713be22e0504404ebfe021eae",9840
"0x6bdd15d26ee026c0cb952e3d7fd7535cf7e1ef20",9786
"0x506c082ae6caabba8a37bd5a8b671aeac4f68164",9766
"0x795b83d7feb25e1f2368bf5b061ee1de7faebadd",9404
"0x13d0c7ada3f98eec232ed7e57fefc4c300f25095",9248
"0xa270f3ad1a7a82e6a3157f12a900f1e25bc4fbfd",8113
"0x788aaa0ea8b2dcad6b4490b96a167445670fe82e",7911
"0x65f9b2e4d7aaeb40ffea8c6f5844d5ad7da257e0",7531
"0x60a31422dc7960b92708e60aeae8d0156e8b268d",7039
"0x86388554f35e69f078474b49174863238be7d58d",6794
"0x9ebf6734ebf95effb99dbe6dc5faf086ec394d94",6613
"0x7250abcacdf1b5e19ec216619ea2614dc2ff6b7a",6602
"0xe7ebbec0a89efd478dd72dc769be475a9f1ce50a",6427
"0x700f6912e5753e91ea3fae877a2374a2db1245d7",6410
"0xb49091108e6804d1675d32eaa02989096384208a",6388
"0xa79d532d294396c23ca94c9377a0716f6a6384c1",6200
"0xfdc61592e784b2e07085ee383e5c762a573d1e97",5955
"0x6f803466bcd17f44fa18975bf7c509ba64bf3825",5529
"0x49c5670efb87264ae75b2a23447a754096406f47",5167
"0xe9eeaec75883f0e389a78e2260bfac1776df2f1d",5142
"0x711a8720b458700cc3512e9950c18d745b41dac9",5092
"0xcd1828572c55d175ea93fe1f35849fa52f20e8ae",5083
"0xc9d689fd857dcfaf8011ba064db989222e84c003",5052
"0x88a80b35014fe7c33b4568cb818f2e16ba799b23",5036
"0xff3249da62ca5286997f31f458959de9ae2f4dad",5017
"0xfc8bf1c09ae489a14448f4825740dfe69666c306",4963
"0x2f5dc2462688ec4452e4390a0ad39538345523a6",4839
"0x85e9b260d90d7e62ead9b910f94f44a136f0e8f9",4746
"0xbe3e00ab5f19f8e4b0f75c960eec11b86a337daf",4408
"0x0a869d79a7052c7f1b55a8ebabbea3420f0d1e13",4365
"0x5f40c0104527c79ac98281acc8b3901d62f941c2",4174
"0x5092065b59a6b237208961648cfbb78ed319ee25",3722
"0x1554aa0026292d03cfc8a2769df8dd4d169d590a",3693
"0x0d3f2298174db5d2273a24529a986ce77d00a4b6",3622
"0x321c394e44c97eff603de2d716dffacd312f0fd2",3479
"0x384b12cfe8697bedaba8d987f2cb8e4f50a72c01",3418
"0x2d99414c7ab502f1fd152eb3db6059f060557d9d",3355
"0xe4b9376eb6fe00eb87dbf850c18fe949f1fb47a6",3343
"0x8bb1597ab90b1c2d6ba1b6ce0f7abc8b83383d21",3289
"0xbd3c1be262b11e10562076c1b66f3d62b87ab456",3174
"0xe1e37736331526b8aa9c99446ead814c3431802e",3147
"0xda8be6e2f555a753d4b0dff6b5518f262d097bc7",3118
"0x12a36b160d0ed3eec806057801b896bf9f4d0dcc",3115
"0xe6334a896a5a983c97e9c454da61e8d238eaf457",3021
"0x626524dfbbf7acc758c0d5ddb9f609457b068949",3016
"0xf6aae2c7c05769c1fbd1d752b1d5ae30664236e2",2949
"0x3210cf0892b794a9403f958fdb94ae2e13ac451f",2938
"0xe91693256e6b69ece193adfc80440b7bfd2f6022",2899
"0x9d207257f410303a779837fa0b55e7cafb15fec6",2878
"0x2aa3032c58c211671c4ad21fe235e19115b8d8d2",2808
"0xd0eb97e08cfde8c177319e300dfe9cdb5823099c",2729
"0xfda1745cddbf46cd9f75150baab492f7242051ed",2672
"0x97eb98bcb43dc68207945da10c0f315311dc0c74",2605
"0xa6e65097aba1f168b03ded70a4643303a7278780",2584
"0xfa33a58fee425d5197780f8d2872fb5d30711834",2570
"0xb698bbf6b1e981eeb240d843abcd6779075b8fe3",2539
"0xa394a1094ec7dbe8bc1bee8b4daddbf1a46c7391",2523
"0x19d4f5633ca57127527eb815a7f37b614d197f49",2475
"0xc4ffcd0b33f0db31be9094d91c09e9a033182a41",2418
"0xaa9fa73dfe17ecaa2c89b39f0bb2779613c5fc3b",2344
"0x23ccb865ac268927ccb36de108bf2a10fd69c0d3",2313
"0xc633fdadd08048bb8dc4dfbf584fbf8f94e67a42",2229
"0xb59bff945a74a427c74fb27ae423fcf81da27c24",2211
"0xe25fb13e178d59b24aa8793cebe3af929617266d",2176
"0xa4949f7e21ead47d704500daa8fdb36f827bfaf6",2102
"0xffffab07392dbd555c8d46429fe14018ec71a5a3",2069
"0xe53fa455115b88c32a4fbf09b221dfc0f1b203bc",2036
"0x29bd2258485da9f4224a99c512e14d4f64d81a50",2024
"0x40525ac2fe3befe27a4e73757178d4accfef71da",2021
"0xb5eebefb01d006aed68fc40f8092592b89be21b0",2000
"0xe01ed9e684de649bfec799cd79f6c27335c23cb9",1996
"0x64a04e5356efb6b2a2a2ca553aee24231bc79b75",1972
"0x3f759889414427121907385e01d7d3633ba1f583",1925
"0xd878955a1f59e318c8c768f3d4fa3d1a945d616b",1905
"0x4dcee5d5cbcd37cacb262290d40bec3bf61d07ec",1900
"0xd3f37e012c1975ea7d12a2bcf1f9730ee4bd3071",1896
"0xabf050a746b6f98cfb8978a94690524d0cda8bf6",1887
"0x074a22538cfd27a0c2fe8f4f640cbb4b3f0b0444",1829
"0x696dc02ce137f6690c83fa348290e59e70edff28",1815
"0xd6431a17cc6e6c1a30fe74ca95ca942349256982",1789
"0x9cc33235665fb6e56d00afafd4b07d66a2e831c2",1788
"0x00d7884a6e9b6892b1be3eeb9a42a32668a8ec5c",1784
"0x2b6a9677bff6f6a6ecd8dfc095700a79d9b8c599",1771
"0x753aee3bca7eb9da4e9ef2909d725ec8759cb196",1763
"0x67c838cd6e0ad4487a279f8286ee8673968bd615",1740
"0xae5509c203f1bdd00dda5fc0261931ca79f06c50",1663
"0xa7b69aa4335db9f779763dbbc24c98d9c6b60d4a",1591
"0x188b67c9c56262df3d3b0d07e389b24cc2c91e18",1513
"0xf0c5cef39b17c213cfe090a46b8c7760ffb7928a",1496
"0xf6f5463bf02ff55bcd99e7c6a3ff8b3cd6ce75f9",1494
"0x9224dc6f71426a82c558328ebc1471ba2c358762",1473
"0xb8a011962de2dc509f3f43f3086df5c3860425cc",1459
"0x293b41d4cd5fb6a647d17a61500ce2cbe8bb069a",1420
"0x700c3e3178835db0c308b83f1ae0c85b92e13288",1412
"0x00a01a63ea02825a1af87c9b806dd4b4a46902e5",1410
"0xc0a2c1edede669125f212cdbce367a6efd333933",1393
"0xdb17e9b8259c7e4dac2cba5ed2f97e1e43ff2c64",1387
"0xeb8b207952322072bc5a4585e2fc09b06d573bd0",1363
"0x5a51d991d3d7deeef9570dafc881874311dbc9e5",1342
"0xd816fed7301e5d42dda78eb709d374412e550a01",1338
"0x0099eb698a06ed9d4a7c7c1acfbbc8e2ac14caa8",1320
"0x459388caec19fdde3618b84909c7fec74043de55",1308
"0xb725e7a2dc00ce2767cf3ff56a9c4f52b37f8d04",1304
"0x15f889d2469d1be0e0699632d8d448f2178a7afe",1301
"0xf7045a5d8b4503d3072676985243a2f7e1a613f5",1295
"0x0b916884d8c673a40c34bbb60e79ea17edf9d051",1294
"0x19ae329b4ca5b1003718c2cf249c5d6de025298a",1288
"0xfff545718b6f8f9a36d2935a32f7bd70bc3d3f85",1271
"0x09e9ff67d9d5a25fa465db6f0bede5560581f8cb",1270
"0xc4fba8a515e16940691afadca0cabcacfc46f3dd",1257
"0x3b94b988ecd65060b35cc7782aa276e295b53517",1244
"0x86b3a1ce06a538557338ed9e81733e2d820d80ff",1241
"0x770d818df6edbbd9c6a7deadf2cc3b387dc89136",1239
"0xfda6df1e357389465c1f8140d1ab99a118d269a1",1237
"0x21ef24ffb2116f44e7918a80cea4f52a2ea72b17",1225
"0xcbe9f7b7b452f116118f72bff89b1bc269c7dda0",1189
"0x9fc05b2dae3a22ac99a1bcc4328311da09090fb4",1188
"0x94c4c463960082abed5430554e3698a19e3c9f6f",1185
"0x497389bd412e70a29e76f3c68c31ef4f974d7881",1180
"0x9b0a078a5a8d5f96a810c73e7ed5b63c93729d16",1156
"0x240532ced6e6f8cf5393c15b6cf365f36e280db0",1139
"0x2f547b927f8149a449ccdf17c692b153c91502bc",1130
"0x99f1d0badce3baa6f49d25baffde602661a8b2b3",1128
"0x1fa0e1dfa88b371fcedf6225b3d8ad4e3bacef0e",1112
"0x1489d7a0194ae0640525a60ab28b629f7babeeb1",1108
"0x00e676bfcb59245254b4853aacf13e096dbbd1ad",1107
"0xc87ac22d0c529464662e19eb5f5e95486837f499",1101
"0x69d5f21d1588ebebf7622fcbd71958c193150903",1090
"0x7078c3b8e7ec16321c88cb474cffc1b754517cd5",1078
"0xb18da5a99773318d414dd9648877a313f45e942f",1075
"0xd3d0ed428045139e9ba63a6f952b8bce18879bac",1033
"0xe1836a09664cdee0356505d0bf05d456051b1768",1031
"0x557fa19371f9786704e9767f25839047da1602c7",1025
"0x7d0a7b318322573aaeccf72976f2f281179d0f4c",1024
"0x92c5d6898abbd58e388aa94c816d4d17387a8859",1022
"0x1e1fedbeb8ce004a03569a3ff03a1317a6515cf1",1020
"0xcaa8175b57ab028c38359aec26ef9b2696ec91b4",1012
"0xedcd7190e77e1d8f373ed636fccfca436da7f18b",1010
"0xfce7e447f25a5e25d012b1c3edb6f81508227e11",1008
"0x9a7c0eb053106356061076982b166ea744dfb8ff",1007
"0x8e90283795268214e5cad284e63e358b2548d85c",1004
"0x83e9c9cbd2d84c843c1a186904a00cea22d3c20f",1004
"0x03db58f0e9864d9d59f324bfca80a10465a49bea",998
"0x28996f7dece7e058ebfc56dfa9371825fbfa515a",994
"0x3898d7580aa5b8ad8a56fcd7f7af690e97112419",994
"0x02f9a36479eeaffdb9d56931ca0ed3ca689c2b5d",985
"0xaaf54464e17c9d1e7059ec51a624c08ebc371a34",949
"0xec7c20aecf61627f52d5dfccaa27d74982d63671",948
"0xf00dd244228f51547f0563e60bca65a30fbf5f7f",948
"0xdb684bb01fb661ffa92b3217478742a7f30f0126",945