address,deployments,label
0x0000000000004946c0e9f43f4dee607b0ef1fa1c,10345662,"chi gastoken"
0x0000000000b3f879cb30fe243b4dfee438691c04,6606545,"gastoken2"
0x0de8bf93da2f7eecb3d9169422413a9bef4ef628,4640200,"cointool"
0x0a252663dbcc0b073063d6420a40319e438cfa59,4080850,"xentorrent"
0x881d4032abe4188e2237efcd27ab435e81fc6bb1,1753886,"coinbase: Commerce"
0x0000000000007f150bd6f54c40a34d7c3d5e9f56,1647068,"MEV bot"
0xa3c1e324ca1ce40db73ed6026c4a177f099b5770,1586334,"bittrex"
0xa5409ec958c83c3f309868babaca7c86dcb077c1,1548233,"opensea registry"
0xffa397285ce46fb78c588a9e993286aac68c37cd,1189466,"bitstamp forwarder factory"
0x8a91c9a16cd62693649d80afa85a09dbbdcb8508,1049380,"mmm BSC"
0xa24787320ede4cc19d800bf87b41ab9539c4da9d,1023010,"kraken deployer 2"
0x46d781c076596e1836f62461f150f387ad140c0e,952859,""
0xe9428d4a341ac20e9f2e6b95b12c9ad52733fcd9,939699,""
0xf6874c88757721a02f47592140905c4336dfbc61,836791,"coinbase:commerce 2"
0x0000000000771a79d0fc7f3b7fe270eb4498f20b,779861,"MctXenft"