"address","deployed_alive_contracts"
"0x0de8bf93da2f7eecb3d9169422413a9bef4ef628",4341899
"0x0a252663dbcc0b073063d6420a40319e438cfa59",3534877
"0x0000000000004946c0e9f43f4dee607b0ef1fa1c",1962983
"0x881d4032abe4188e2237efcd27ab435e81fc6bb1",1753886
"0xa3c1e324ca1ce40db73ed6026c4a177f099b5770",1586334
"0xa5409ec958c83c3f309868babaca7c86dcb077c1",1548230
"0xffa397285ce46fb78c588a9e993286aac68c37cd",1164759
"0x8a91c9a16cd62693649d80afa85a09dbbdcb8508",1049380
"0xa24787320ede4cc19d800bf87b41ab9539c4da9d",1023010
"0x46d781c076596e1836f62461f150f387ad140c0e",952859
"0xf6874c88757721a02f47592140905c4336dfbc61",836791
"0x71d271f8b14adef568f8f28f1587ce7271ac4ca5",743646
"0x4f01001cf69785d4c37f03fd87398849411ccbba",722020
"0x0000000000771a79d0fc7f3b7fe270eb4498f20b",661427
"0x2f848984984d6c3c036174ce627703edaf780479",547316
"0xfef2359e77df8b769760d62cbb5ee676fe78f6c2",455032
"0xcc463e7fcf501162670f31fcd8aa4a9896a9aadd",423600
"0x131a99859a8bfa3251d899f0675607766736ffae",406556
"0xb42b20ddbeabdc2a288be7ff847ff94fb48d2579",401555
"0x2e05a304d3040f1399c8c20d2a9f659ae7521058",395685
"0x5c69bee701ef814a2b6a3edd4b1652cb9cc5aa6f",395574
"0x0000000000b3f879cb30fe243b4dfee438691c04",381051
"0x0031e147a79c45f24319dc02ca860cb6142fcba1",369731
"0x1522900b6dafac587d499a862861c0869be6e428",360333
"0x279b045989bd4cd60ee4a53d2a1c0621a4b4623f",333422
"0x2a549b4af9ec39b03142da6dc32221fc390b5533",312671
"0x17bc58b788808dab201a9a90817ff3c168bf3d61",306610
"0xea7a7bc3ba38b2569b6bee8dcd8acb4218c08716",292285
"0x485b9a41e8bf06e57bb64c6ba7cb04f9d53d2d76",266738
"0xc3c7b049678d84081dfd0ba21a6c7fdcc31c226f",236161
"0x0a9077aa8a6e3b6016e9936ae3541a6bf5740eba",234910
"0xa6b71e26c5e0845f74c812102ca7114b6a896ab2",231451
"0x358ccb76e25500783a0b0ac79940de07e886facc",224600
"0xa26e15c895efc0616177b7c1e7270a4c7d51c997",222091
"0x9862d074e33003726fa05c74f0142995f33a3250",206856
"0x2754b28227f041a66c46509d5620782bfc4766ef",193346
"0xbf0c5d82748ed81b5794e59055725579911e3e4e",183515
"0x42bca2a5593c3b6dc2ebaf62db7e7f6e1d273794",161984
"0x6c3f07bfdfce0463457385129fed97f0992a111d",145958
"0xedce883162179d4ed5eb9bb2e7dccf494d75b3a0",142581
"0x8c4b7870fc7dff2cb1e854858533ceddaf3eebf4",138981
"0x6090a6e47849629b7245dfa1ca21d94cd15878ef",133175
"0x0df19407f9bb6db7a7d877973180de70a77765d7",117900
"0xde14e7548a46bbbf1f3f50e98a04e58c0efc60eb",109231
"0x42da8a05cb7ed9a43572b5ba1b8f82a0a6e263dc",105582
"0xad7b0527ab2a2e96c5a299aecd1a37fa9b38263a",102400
"0xfc27cd13b432805f47c90a16646d402566bd3143",98976
"0x84654be796dad370032391d5479f8f1fd9ddd14e",88667
"0xf466f27fb811ab1572ca67ab438e966910f5d9c1",87923
"0x004bd3562a42c8a7394794849b8ff5ad71c527b2",84695
"0xd02c52f828a35b808ce8335e7f02805dcc380b35",84649
"0x5be1de8021cc883456fd11dc5cd3806dbc48d304",82897
"0xbb50ce87be3443ed137df1dfdbf2fb0ca8c0a9e0",80690
"0xea21afb757e8eb0901b720d42555fa225a563fcd",80173
"0xd3510d3cf63c7ea8684e41cddd54144dae12fec1",79335
"0xbc982f3e45205ddd54e8191247bdba69e4a9c701",75296
"0x85429f986a5cc38f90de7b4ffa44d570eef04066",73839
"0x87d729e2961a57f72825d390462e360aba4e20a7",72100
"0x0bd9bf737f70c339db6b87f6a9fa8f6862b30dd6",69932
"0xcdd37ada79f589c15bd4f8fd2083dc88e34a2af2",69126
"0xed212a4a2e82d5ee0d62f70b5dee2f5ee0f10c5d",68632
"0x89bf387095cd603035a08036d89bd2089ce091c7",68000
"0x29ef46035e9fa3d570c598d3266424ca11413b0c",63601
"0x8d1f2ebfaccf1136db76fdd1b86f1dede2d23852",62801
"0xbf82a4d24bd1b8261b683b12cfc876d30fbb0469",62468
"0x822d9f6f6d1e0a9785a8dff3083858e2c888f078",59420
"0x22941e38116f21923b7d82ed003375dd7fca9d45",58253
"0x0000852600ceb001e08e00bc008be620d60031f2",57484
"0x00000100f2a2bd000715001920eb70d229700085",57447
"0x00006100f7090010005f1bd7ae6122c3c2cf0090",57232
"0x00000000441378008ea67f4284a57932b1c000a5",56951
"0x74d4344bf8cead0779e2041f19d2985985c67d7b",56631
"0x86f855c130ccf3c3d306e56971e0a6b2c50fe13e",56130
"0x62b92d5ad29bc7adffa2904faac28dd0ce3fc65a",55743
"0x8b3b3b624c3c0397d3da8fd861512393d51dcbac",54448
"0x5e3b08cd8a3b909e4396eda0818d5b1e4f43d4da",53896
"0x27492703e18f7ab987d57c1e92d9e5d16d35b163",52483
"0x01021a579f2385992e9277306b8b647d6e8138b4",52265
"0x0000002263ed26b54a28bbec0db6e51b62297b50",49152
"0x4f391c202a906eed9e2b63fdd387f28e952782e2",48565
"0x521db06bf657ed1d6c98553a70319a8ddbac75a3",46678
"0x52c36fb0d9a40dae716144275b76f42a7ac865c4",46543
"0xaa3ee038335ba66417cf63f2ead0978cca66a1a2",46479
"0x32a3256a4b15badd4a6e072a03d23404d925a5cf",46417
"0xbdeb4ba6a1bb01e01ed64f11ed8f6f4b906af52b",45809
"0x000000109099b65ba98f0934ddd9c95e8ea3fd48",45750
"0x3b612a5b49e025a6e4ba4ee4fb1ef46d13588059",43661
"0x1bdac750132eb91e569f6fd2582d2d67f6f1ea0c",42928
"0x2debc3b202eb70c9e722ff2153fbfb9b5ce2e8b2",41300
"0x92f0fb6a6ebcd7c32123288144c7b8c7fbf86021",39503
"0xb16c1342e617a5b6e4b631eb114483fdb289c0a4",39445
"0x9f2df004713f8bf9b1daf14566d8c832fc010282",39297
"0x0536806df512d6cdde913cf95c9886f65b1d3462",39033
"0x25c2f0e18f8945f5395aa971c99e95f808e79dea",38525
"0x01cd62ed13d0b666e2a10d13879a763dfd1dab99",38476
"0x76e2cfc1f5fa8f6a5b3fc4c8f4788f0116861f9b",38279
"0x57e037f4d2c8bea011ad8a9a5af4aaeed508650f",37453
"0x612e2daddc89d91409e40f946f9f7cfe422e777e",37447
"0x2971adfa57b20e5a416ae5a708a8655a9c74f723",37311
"0x866f649cd9280d3dfa282372a3f5828839944959",36723
"0xd6a062cae6123c158768a5c444ca0896cc60d6b1",34673
"0xab76c6d00c603a7615d5459132c1745eb1fb4f6c",34401
"0xf9b6541b14f586459acdc6aec15dc2e12b8db09f",34383
"0x58f56615180a8eea4c462235d9e215f72484b4a3",33767
"0x3f89f250e7ec83e0d2b09fc1d3aa4343a20ee021",33174
"0x91e677b07f7af907ec9a428aafa9fc14a0d3a338",32757
"0x536384fcd25b576265b6775f383d5ac408ff9db7",32754
"0x5ef30b9986345249bc32d8928b7ee64de9435e39",31908
"0xaa06234a864105b6191aad445e7ca1f79a8d5e96",31896
"0xbc8b8cd5902dd5172dd29c82506c72fcddae1240",30838
"0xb2ce9dfa531ad026eebbc1964685845743c61433",30500
"0x43d99d54f14c64994fd9666beab6023b0069de20",30476
"0xeec02515a59f4369ad3d9fc7a47049585b589db5",30335
"0x469fd8c54e74f28eeaf8facba0ab3bea2da7967c",30001
"0x1f98431c8ad98523631ae4a59f267346ea31f984",29710
"0xd1d9be34afe769b8302e0bcbcbda2a54884e363c",29651
"0xd6bf4ba6ec6c3d24a1e99442ec2136892d4b8d2d",29600
"0xaf309b29ce626fabac728819dba6b4179237e298",29054
"0x1e68238ce926dec62b3fbc99ab06eb1d85ce0270",28838
"0x9218b27598cde5449128c27ba2bd924fb74d65f9",28822
"0x1911e2cafc712bcfcd2f35d0581a91e774164449",28549
"0x08daf71efa7915807bc5675ad402989d7820cf6f",28425
"0x0000000000007ede785b25bc186efea9376784c1",28134
"0x7b596c8f1b4db131503eb4f4a06f81c99d47dae1",27875
"0xe7c2a3404f8dd0783719df1e3a27b814caca2009",27485
"0xab11204cfeaccffa63c2d23aef2ea9accdb0a0d5",26782
"0xa2a1bf5a83f9daec2dc364e1c561e937163cb613",26779
"0x174443351e21d47ed9ab51517a301107d92ede64",26589
"0xfa2d8fd3505e7adceaf1a6d3bf0a9da091337480",26469
"0x7b8c48256caf462670f84c7e849cab216922b8d3",26341
"0x04046027549f739edfd5b2a78efdbaf0f0bf4514",25694
"0xf2015a9160c9c9381ff99f19fc18e5af57cac8ed",25561
"0xeea5e6ea5998928352cf54425819436f80f95ae9",25093
"0x212b32f8ab8a1b5751632ba0729149c5db98348a",25043
"0xbc208797e1436f093bc505224bb119f19cfa5981",24410
"0xa2635b3d63b4e31976419865e1a81553bb347be3",23579
"0x00b19a5200a100e5fc4c9800772f4d002f218400",23433
"0x4591fd0c3160cdbfef4caf804df3e45da23af56a",23327
"0xa39bf46ceee5bdac2c9bc95a28f959719e088f83",23183
"0xe02954d701cc7660f5d0b96b5e625f33910f34a8",23176
"0x5193e33f843012c27c502550fa77a543e48187f0",22933
"0xdbe0d523e0bd9fd95cdc1b931b6195f15d4d7017",22925
"0x185479fb2caecba11227db4186046496d6230243",22872
"0x8b71140ad2e5d1e7018d2a7f8a288bd3cd38916f",22685
"0xe35f12181a2748285358b63cff25887410d0804b",22570
"0x95151e4615c5c0924b918c85ad8d8a94d6644ab3",22395
"0x854712513c52868617c96d015bba6505b16cae39",22375
"0x8a636c5dfa8bb6a0f9916f214352213ebbc2a841",21935
"0x982e49cb023bbdbdc7d5dd8b867fc83cb2c0def4",21831
"0x09862ed5908c0a336f9f92e5ffeb9768deac6091",21637
"0x409b512e1cf94500877c5353b2a0c13b2d24914f",21601
"0x4a87135693a5b7dd0653c151c16edfa3c524403f",21244
"0xead6be34ce315940264519f250d8160f369fa5cd",21173
"0x592cb3999d84e061e5e66724c167a4cb8f117ee2",20905
"0xd6c9710363cdb12eb585e817f431d44cfa442dde",19995
"0xfea099aa17566d59694cc3aaef0396d5aa7661c2",19800
"0x72ae08158b40cd88607ffc5b4138185d8c87e724",19260
"0x83c4b3f75c094a13bf343670211efb65c264d356",19168
"0xfc00c80b0000007f73004edb00094cad80626d8d",19073
"0xc5b5e4d55c12d587228859d074188d88f8b5f676",18831
"0x5cfec4bdd1b999e9d6c44400d75825a43f502b39",18651
"0x29dfaaedacf03910a2bc0588fc46edf18ff5c72f",18607
"0x337bf75fc1c9e9a4ba1b34a182469cd9256f421c",18576
"0x000000f20032b9e171844b00ea507e11960bd94a",18466
"0x33333333334b217d50c4459d8da6c7481b097fae",18458
"0xa9a8bdaefb34ea98be19badb76bb686136412473",18268
"0x9a0d63911620f7fc15c3c020edbe4d7267ea3e4d",18218
"0x6b59210ade46b62b25e82e95ab390a7ccadd4c3a",18101
"0x40c84310ef15b0c0e5c69d25138e0e16e8000fe9",18079
"0x8bd3d1472a656e312e94fb1bbdd599b8c51d18e3",18056
"0x63d52a5dafe278860b0486504b57b1d364b37413",17912
"0xcd097b8dd0505aed5ed3f6a02416b0fb9e19fc59",17652
"0xc8f51d506461052f1c635404b72b2ccf0d43343d",17498
"0x731e6cc591b055001ccb9758008f636819df6152",17403
"0x605390a10e10c46a4a24a9804ca4a1730a90f665",17400
"0x1929f0c2366b650b6d71a6a144fc760d8ac2b3eb",17228
"0x851cc731ce1613ae4fd8ec7f61f4b350f9ce1020",17202
"0x1871e60fd1feceefab91eb5d97379c24851f801e",17089
"0xcdbbf98a9be046ac3f05f959d0658c4cc913b333",17068
"0x00000000c47cae4dfcbff7afbfae810dc1e99f98",16740
"0x2484000059004afb720000dc738434fa6200f49d",16726
"0xd0d0fb67d2a37de67e1a794230bff37ee16737da",16665
"0xed0e416e0feea5b484ba5c95d375545ac2b60572",16297
"0x000000008924d42d98026c656545c3c1fb3ad31c",16177
"0x1f6924cb65e2b7701789273c3f606e737043f63e",16176
"0xe99938fc114b20f818c9202955ba8c8c4a5a79b9",16100
"0xacbe6529b2064c6ace953da9a87f29b6ebeb55fd",15674
"0x2cae18dd1223aea3bfdfddfee4cfbbcb4b80cc22",15448
"0x7f3b163e6e65c6e0d7f743d516d1214025c17aa0",15143
"0x6d0730731b94a4eafea74ad67d41ee29596f8919",15010
"0xbd8916626c5b1b9f28da68aa0bc4a3d29a0d33d5",15000
"0x9d3de545f58c696946b4cf2c884fcf4f7914cb53",14917
"0xcf40d0d2b44f2b66e07cace1372ca42b73cf21a3",14895
"0x0a1db647ce1d9ec77d43e001af2a867a67c13275",14763
"0x907ebd0ddfd74fdaa1abb8a7e2294475e179a9ea",14696
"0x27156f672cf277d83a58170d21c1c2211b00d0db",14633
"0x36b01066b7fa4a0fdb2968ea0256c848e9135674",14390
"0x654f75e491acf8c380d2a6906e67e2e56813665e",14341
"0x4e3a20de4dc3baca80ace5e92e75c92d7fed40f1",14247
"0x000000006551c19487814612e58fe06813775758",14019
"0xf62ea825696c7d41a529e0e6567057b363909e17",14008
"0x046cc43e4e37acedc096ff54a49c809da656ab8f",13910
"0xbfc5a4d62e87c6ce4f46a77f3bb499d3ea23fd46",13572
"0x48d466b7c0d32b61e8a82cd2bcf060f7c3f966df",13290
"0xbb8246aaff72a72ec2128cc0a40442ec90272b40",13066
"0x8169471a2c85bc748c3b17f11cfea7d372fe77ee",13046
"0x6a39e6a987cf55a5d4eba52f94072950f27b22c8",12880
"0x9c22d5e2482bc5a753e508da75b5bb0f23682e36",12778
"0xb0ffe00f522b6f1f31e8c8a99f677459631b0a77",12775
"0x852354d423082715fc4ac3cd77872184c28a92ad",12706
"0x4b178ae34c8b7c2a5d0d126306bea7695ee6e61d",12700
"0x744a51071df3b05cc78d1bee8cebd3018fbd095e",12511
"0x13f01828cfefc10ed512fd08f51628fe3b44dbc7",12499
"0x78e851c35326c9296485e9720d85cb3bd153b428",12336
"0xf74b146ce44cc162b601dec3be331784db111dc1",12307
"0xb6ecc1c41720bdb6ca1d6d84435c1c479d6dd89b",12191
"0x985e31047aaabb5b4dbb98751ac505c94dfafa29",11950
"0x4ef0955f6dd5d4aeef81f874ed77d763391b41c8",11900
"0x3d860be2ae9fffc89e92f58cc60a5304e9b57a79",11547
"0x544c95080a81f25779e44fa715a881e69febfd37",11500
"0x165c27b635383fa2e39a05dd24f7e37a3ebb3848",11378
"0xe5d7ccc5fc3b3216c4dff3a59442f1d83038468c",11151
"0x484eca64c063643d315b598f20ab45b8e91cc2db",11076
"0x9c1ab130c3e95f892bec10b8cd493151ab599a55",11017
"0x33ce22b642ec0ce05b69e252c68373237e2bacbd",10899
"0xb874429f870d7ad80a60210c3051249050260a8c",10804
"0x54e0395cfb4f39bef66dbcd5bd93cca4e9273d56",10709
"0xd8b7c1e952cb3b4ba3ab993096bb8c6be26a17a0",10698
"0x0c01089aedc45ab0f43467cceca6b4d3e4170bea",10638
"0x0000001c810f358363780ce3e8a656dd9c787472",10606
"0x35e163f6acc25be0d9dc65b605babe597b176255",10500
"0xb5ccda6fc0add336261a39371963311d45548d46",10454
"0x72298bd3ed75e0aa289ad61c6390596d60ffdcef",10429
"0x31a2feb9b5d3b5f4e76c71d6c92fc46ebb3cb1c1",10360
"0x6e59224fe882373541e759844c90a9ec48f35eb4",10300
"0xa78bbf97033e534c54b0a4fa62aa77b652ae4097",10277
"0x0a06aa7b55e1210793af3b2e89b205d1c8ebf054",10231
"0x84ed0536c738d907cdeaf763c73f154dff675c56",10100
"0x4c4b8a3c61d231f68870820bb3ab4f21b9a404fa",10053
"0x36bff58528dbb50f4731c7707e783e06bc892d40",10007
"0xe8459690de03f6e375188941e0944d23781f629c",10000
"0x27447dbd2ee1bc2e2757cfbb6dc97fef8cbb9354",10000
"0xc8229cebe4153110a4dc833374514c78e24070ae",9993
"0xa2a8f158aed54ce9a73d41eeec23bf3a51b5654d",9969
"0xfbf2173154f7625713be22e0504404ebfe021eae",9840
"0xc0cb97a0e22e9c14fb0b39da6cf6ccdab8078fa9",9838
"0x5dbc7b840baa9dabcbe9d2492e45d7244b54a2a0",9826
"0xa91d2f6b2a0c4f51ae368c36f847c2a3069bee1d",9800
"0x6bdd15d26ee026c0cb952e3d7fd7535cf7e1ef20",9786
"0x506c082ae6caabba8a37bd5a8b671aeac4f68164",9766
"0x66287c8446a7b8b440876d921f74cae580e60690",9745
"0x9ae0acdb750bfcf694675f46b580847fc49a48bf",9741
"0x117793cc0b19c01c531638a986923533f2f865e7",9734
"0xb5e2d774c4672aa4297272f62d61e8a041175cb5",9711
"0x306d948f23b2a8472e4953db2d2dc72c8b6df0eb",9688
"0x795b83d7feb25e1f2368bf5b061ee1de7faebadd",9404
"0x498b3bfabe9f73db90d252bcd4fa9548cd0fd981",9391
"0xa4803f17607b7cdc3dc579083d9a14089e87502b",9325
"0xe91eb1fb4b0eae01afa35b99a2c84409f353c49b",9306
"0x4e1dcf7ad4e460cfd30791ccc4f9c8a4f820ec67",9267
"0x13d0c7ada3f98eec232ed7e57fefc4c300f25095",9248
"0x4058e3ca3c5cf99f97dd5cc445c9e7e7896e5d4f",9036
"0x384c4bc164559649f74ff1008c1cbfa06bad868e",8996
"0xbb5d4e49848c3d9f4746c0fe058fe7e602f13530",8929
"0x729c310186a57833f622630a16d13f710b83272a",8809
"0x7df17cf91d576d52797fe3809ba48ce0ea822737",8809
"0x202055e99cc6c9705f6d56d48c2c5d789ac864e4",8800
"0xd37dcb0334e74fd42000ec6195d34e70eeffc46a",8732
"0xa88015d3f5e988799b81814dd0255a55384c70cb",8705
"0x32ffff3842c0deb6b6be55334d6cbaa482cf7bb8",8702
"0xa3545e2dbd54a28a3982fcd74c2dbc1cf152a15d",8658
"0xebab7195379ad8ef398037f8f684a67db3c8e839",8601
"0xd8d91d27135669a7e3ffec1db9323a0f84b70045",8567
"0x78e4e12fc75b8be4f3f6affcba2670c4a2a1a054",8501
"0xd0382e59eddb1b12d59c05458ba27b960b789579",8476
"0xcbcfe33185bef10ade8e84698249888fd25975ce",8455
"0xfdef683f3bdec07a9760afb328a2c6c3ffc36ae2",8406
"0x1f2deef0066b5ea22d703f434df7733ab6b93be8",8382
"0x008ebccae39d001200c3003c3225ce0a00690066",8270
"0xa270f3ad1a7a82e6a3157f12a900f1e25bc4fbfd",8113
"0x7142eb34d2220152dedc5868745079bc6ffa0fdd",8103
"0x1f557eebbf082e73acca1367608a1c50990c15db",7932
"0x788aaa0ea8b2dcad6b4490b96a167445670fe82e",7911
"0xdafce4acc2703a24f29d1321adaadf5768f54642",7830
"0xa373450034673e37c2b83ef734a0134c2dcaf885",7800
"0xae03233307865623aaef76da9ade669b86e6f20a",7773
"0xaf35f9551f728c65c4f5a40eff1e3afd18025008",7663
"0x0c64b3c998f0e33a5cfaae9b8a00c67b07de504b",7641
"0x4746809ecb3a8449a61d77246992a33fdd73f61b",7564
"0x41ade1cd005741bd093b4df7391fdd8347dc42ee",7564
"0xdb0986182cbec4f4246b04f5f3d49acee642e1d4",7542
"0x65f9b2e4d7aaeb40ffea8c6f5844d5ad7da257e0",7531
"0x5a208dbec7a8f2d68358b12eacbb04b60b13a952",7522
"0x03abeec03bf39ac5a5c8886cf3496326d8164e1e",7520
"0x9fad9ffcea95c345d41055a63bd099e1a0576109",7505
"0x81cce0b68f2c2264a3a24a7fc3096611d9294f6f",7321
"0x60a977354a6ba44310b2ee061bcf19632450e51d",7311
"0x57e11fbdefbc8031a084241bd54016ef7e429c27",7299
"0x54705f80d7c51fcffd9c659ce3f3c9a7dccf5788",7214
"0xbd4ae80f258ba3e75dd9894d0d697a3e330b9483",7201
"0x8629bcd3b8a90fd7247f0c0e0e1434c69dadcca7",7130
"0xbdb2ad8b5e5606013506c160b75264f9b1b48794",7103
"0x1c647c67c1aad0ebff25500f3b3084d3d2872eba",7090
"0x60a31422dc7960b92708e60aeae8d0156e8b268d",7039
"0x4e9d7f37eadc6fef64b5f5dccc4deb6224667677",6969
"0x0ba5ed0c6aa8c49038f819e587e2633c4a9f428a",6933
"0x3a5cc8689d1b0cef2c317bc5c0ad6ce88b27d597",6888
"0x85bb8a852c29d8f100cb97ecdf4589086d1be2dd",6853
"0x6293b8abc1f36afb22406be5f96d893072a8cf3a",6850
"0x734513f61a65b3745fc7bb574adfe18379355a1c",6844
"0x86388554f35e69f078474b49174863238be7d58d",6794
"0x50350fa0561ebbe63d0bd78ffb1743dc0ee91b39",6773
"0x79f382e40a192b4387d3141696eaa24162610b99",6635
"0x9ebf6734ebf95effb99dbe6dc5faf086ec394d94",6613
"0x4e59b44847b379578588920ca78fbf26c0b4956c",6605
"0x7250abcacdf1b5e19ec216619ea2614dc2ff6b7a",6602
"0x00fc4bb5349f1104d3252c36c308688651e3eb1f",6590
"0x0a0109cdd4f496f38efe4f10f2536cba55881e3d",6445
"0xe5ad7d1f7309e50ed624ae11a6f2dd233d6a621b",6441
"0xc796bb8906bb8f1d66d967a0825940e235107504",6432
"0xe7ebbec0a89efd478dd72dc769be475a9f1ce50a",6427
"0x700f6912e5753e91ea3fae877a2374a2db1245d7",6410
"0xb49091108e6804d1675d32eaa02989096384208a",6388
"0x66807b5598a848602734b82e432dd88dbe13fc8f",6316
"0x74df51390e7f4a1ab974dfc2b9d9008078bcf09e",6300
"0x3a9fff453d50d4ac52a6890647b823379ba36b9e",6296
"0xa79d532d294396c23ca94c9377a0716f6a6384c1",6200
"0xd46ff8c67cfb91e3b9b14ca433d220188350d43d",6136
"0x237c800fb51cad6b2b1a69d9b89de1e147a04583",6127
"0xd62056babb2afa9709a0163c39d946c18aad4221",6118
"0xee2a0343e825b2e5981851299787a679ce08216d",6049
"0x15d895885e326fa6c7257085f33cba3ae448c352",6036
"0x65c54d17c7ce5f005b5f17a7fea38f82d1ba57f4",5973
"0xab45c5a4b0c941a2f231c04c3f49182e1a254052",5968
"0xfdc61592e784b2e07085ee383e5c762a573d1e97",5955
"0x6e42262978de5233c8d5b05b128c121fba110da4",5899
"0x665766368ee511ebd3cd5f9300520dac915e941c",5798
"0xc05290098ddcffbfae9a95229db62324c1244b5c",5787
"0xc5af7910eec51fd79dc666b50ad5e9982b73905f",5778
"0x5c5708c6f9aaa28ddb9ec5bed1c972a612be5a90",5676
"0x000000005804b22091aa9830e50459a15e7c9241",5569
"0x02101dfb77fde026414827fdc604ddaf224f0921",5566
"0x16e73d276b2163c49db410350bfefd9f48898821",5555
"0x2321a7cffc90753ceaaa4646a3bf0215f42ec792",5552
"0xa7e616fb7b71dd90cb068839069373c5ec0484a9",5550
"0x6f803466bcd17f44fa18975bf7c509ba64bf3825",5529
"0xf7a4b49bc8eb3591e272e2d7106f7e00abb3b69e",5513
"0x5913711b94f0e3c0fc933e400df94321436163fe",5496
"0x491fc4b7ec953a70c34a4abefa1173302189a546",5481
"0xc4bd13d85c8050e55f456ccedea799e2df2a1f8c",5473
"0xa7bcb4eac8964306f9e3764f67db6a7af6ddf99a",5444
"0x000000000000ce024a2c86451474057d3ad8ea33",5401
"0x2a2743b47714b243dc2f05f4737798b0348ca36c",5350
"0x5098624130271bf5d010e8d65e9b32392df33070",5310
"0x68347b5ba177741342f81ac7fb6079505f452d80",5279
"0x957ae8749d0c688e61c2fd7ef1fe9ae60e6598be",5209
"0xdda5eccde8f9d9861ea0452fb62bde6bd8863841",5167
"0x49c5670efb87264ae75b2a23447a754096406f47",5167
"0xe9eeaec75883f0e389a78e2260bfac1776df2f1d",5142
"0xf52fbd056ed1f1ab01d4296fce136d6c0a2bbfaf",5118
"0xf5c631eb077665fcb4995281a8016fb9bdefa547",5102
"0xe9d6721a3f109dc1b6117fb34c03aaf877aa2289",5094
"0x711a8720b458700cc3512e9950c18d745b41dac9",5092
"0xcd1828572c55d175ea93fe1f35849fa52f20e8ae",5083
"0x46a189c7f37953b91e5bd75d0e608efdafefaf1c",5061
"0x5a15566417e6c1c9546523066500bddbc53f88c7",5059
"0xc9d689fd857dcfaf8011ba064db989222e84c003",5052
"0x1d62520d39a7cdca4380bc715e250b3d6cadff9a",5041
"0x88a80b35014fe7c33b4568cb818f2e16ba799b23",5036
"0xff8e3671f1223c873cebce0fe78ec396bf19a2f5",5025
"0xff3249da62ca5286997f31f458959de9ae2f4dad",5017
"0x444cd42baeddeb707eed823f7177b9abcc779c04",5002
"0x058c75fa108595bd0c50f5300b47800dfc4d6d8a",5001
"0x46950ba8946d7be4594399bcf203fb53e1fd7d37",5001
"0x69fc7f107eb12953de437ddb86c8d494124c1191",5000
"0xb808193c978e63407d4fa569b2a0c4f788884acf",5000
"0xfcbf762b5aed2b38c43e7bd5b762f8f7def29342",5000
"0xfc8bf1c09ae489a14448f4825740dfe69666c306",4963
"0x10fd9348136dcea154f752fe0b6db45fc298a589",4960
"0x8c270745957acc2b579e5c7c62d18d8ca145cf2c",4920
"0xe5965ab5962edc7477c8520243a95517cd252fa9",4915
"0xbbcb32961c34ca2a1576eff6a6db798f67140eda",4847
"0x2f5dc2462688ec4452e4390a0ad39538345523a6",4839
"0x23b88d66fa8df792fa1d607b559414c0fda61b6a",4776
"0x85e9b260d90d7e62ead9b910f94f44a136f0e8f9",4746
"0x3ce991817f3f8e4ed604d29b6a199f0d58907bfd",4740
"0x575262e80edf7d4b39d95422f86195eb4c21bb52",4721
"0xd518f8071b039d8a7532edfdc94ed1cb2da746b8",4702
"0x08252c02f49a93abb6929649c6bf45542fdcac7f",4679
"0x6b1bfceb517084e17be128f655f78d8cddeb11bd",4651
"0xa7e307d1e4181cdf9885fbde941f571698521c45",4645
"0x23935ec016374fc24658cca215dd227766c7c5b5",4643
"0xf738d45948a634343222fef7e3b15748cf22e8ee",4636
"0xd639659b8bc4f8cb7f736e55bfa89d3183f4bc68",4629
"0x00000000000311612d792d1162841b3b63dbb64f",4616
"0x70d841fa16d8cad638beff560ec442c25f293ce8",4615
"0x6ef3ef48e48cb00a87afe6132d920c498e34a229",4605
"0xdc71affc862fceb6ad32be58e098423a7727bebd",4593
"0x84e5bec85d592c276fbc0bbc3de9214dae631b3a",4570
"0x26dc958d2cd2a777ca6126ada3c86fdefbc26cc0",4500
"0xfb525f1742d57d6d7f9eaf0a5329e2f368845d75",4500
"0x00000000553a85582988aa8ad43fb7dda2466bc7",4492
"0xd084d7849d4ebe564a2a41e085b2a74f6dde5300",4492
"0xfc408bf968530b5365420b5e184a58ba5338547e",4491
"0x8c051c65c1fa1f239a1398c233b397891d0c2d24",4459
"0x10fb0f8860c11cccdf85f2f56e3b8e1ddeb2ba3f",4425
"0xb3005e626cd7000c48386200c98400005d00f6d4",4424
"0xbe3e00ab5f19f8e4b0f75c960eec11b86a337daf",4408
"0x000000000000f6010c7f7e46560496c0fb9c9367",4383
"0x0a869d79a7052c7f1b55a8ebabbea3420f0d1e13",4365
"0x76f948e5f13b9a84a81e5681df8682bbf524805e",4361
"0x87effef56c7ff13e2463b5d4dce81be2340faf8b",4304
"0xa7d9e842efb252389d613da88eda3731512e40bd",4304
"0x09b33a99b954e52907c61514b6f8cd37de71076f",4256
"0x69c0047531fd1cc24daa9eccd221cb66b53c63f8",4252
"0x480b8d6b5c184c0e34ae66036cc5b4e0390eca8a",4242
"0x2ed6c4b5da6378c7897ac67ba9e43102feb694ee",4201
"0x5e5a7b76462e4bdf83aa98795644281bdba80b88",4186
"0x5f40c0104527c79ac98281acc8b3901d62f941c2",4174
"0xc0aee478e3658e2610c5f7a4a2e1777ce9e4f2ac",4157
"0x55ec8383ec68db343de2ba25cb453f5869fc84e5",4149
"0xe8dbeeb48ba67bae3d4761b10dbcc0960750c2b5",4129
"0xdceb0f80ae8bcacaafa94d2e2343b3349c60338d",4122
"0x7407d00bcc9850fce30ebd59d41e2b7deffa2665",4116
"0xc0ffee614f8e077317ca6e8fed240cc02772c2c1",4100
"0x37996e762fa8b671869740c79eb33f625b3bf92a",4048
"0x3203a1e49adee3556a19bf22fb3724ddcc82678b",4037
"0x000000000000cb2d80a37898be43579c7b616844",4026
"0xc0a47dfe034b400b47bdad5fecda2621de6c4d95",4018
"0x9c2e057790463257bc57719d55edd8344f8c101e",4002
"0x183a481c7118fc2681148c71ec26fc2f0af87967",4000
"0xae3ca20c71acf54c8926d26d8c97548f8b0a4a51",3946
"0xcc9570debfd7964a0e4e9f4d6c71af6568803650",3910
"0xf3df4c998163505e534cd14731d548de35b106cf",3900
"0x920de9f1ef49bac275015c3db6360fcefeb5d841",3899
"0xf3ded2cd63ffbc8930db804d674ecb97c01fb594",3874
"0xf382cacd7577ce81fb39fb88988bcfbf2805b1e6",3870
"0xd1d1f534d54f66a6d4c8a2267feb5b391ae30fdd",3827
"0xf541779cd84f28227fd1ed768787815818984322",3826
"0xee9ebfa35ab4c2552123cef207a38a20be0c9cea",3819
"0x13e362b909f6da5d8c86645a26b15c19ac6e57e2",3797
"0x5ee21fef50dc9bb85ff31227f7449c7d8db4912a",3790
"0xe228017f77b3e0785e794e4c0a8a6b935bb4037c",3785
"0xd2ddb846a0ee31eb1f7150bfc31d324a4c674c38",3783
"0x2372fd8d69da29b4b328b518c6d7e84f3aa25dc3",3772
"0xe0af95f7e6dd07a4268064de2cf7c8f044fd53fa",3755
"0x5092065b59a6b237208961648cfbb78ed319ee25",3722
"0x6e9b4c2f6bd57b7b924d29b5dcfca1273ecc94a2",3713
"0x94b18793b93b524b110fead408b955422b982fa4",3705
"0xfb2bfc368a7edfd51aa2cbec513ad50edea74e84",3702
"0x2c2f95dc8d3558f490cc0ca431a3bef0b1e13ac8",3702
"0xfd349cfb29e70f40a9552d5f1bb2c7f577b3947e",3695
"0xecba8b19e058891f581badd5697606097300ab60",3694
"0x1554aa0026292d03cfc8a2769df8dd4d169d590a",3693
"0x6e95c8e8557abc08b46f3c347ba06f8dc012763f",3689
"0x9689df6e625f06c8249cef7ff80aaf2e2c262e49",3682
"0x67f53b749fe432274e3f53752a91da89ef86777e",3679
"0x4d5afcd4f2f64f9a781bbf16889ee0c4aed13e41",3654
"0x00000000007f6202ba718df41ec639b32dd7fbcf",3650
"0x0d3f2298174db5d2273a24529a986ce77d00a4b6",3622
"0x4e3a9fcbf7f5745f503a01427d54cb5f8bb2d701",3615
"0x250f51819255d8851c0a0d6dc7a1128d580f3920",3600
"0x2d36cb89a977209703c1d6304f23198c22b7a498",3590
"0x67beb4dd770a9c2cbc7133ba428b9eecdcf09186",3548
"0xbf028f7964c02cffbe2e38383cc0732d8c5c8d2b",3526
"0x321c394e44c97eff603de2d716dffacd312f0fd2",3479
"0x99116a5641dc89a7cb43a9a82694177538aa0391",3478
"0xc65c9bd2a46fc44c83ac99a99baba9f4781bbd14",3435
"0xf7b75183a2829843db06266c114297dfbfaee2b6",3429
"0x384b12cfe8697bedaba8d987f2cb8e4f50a72c01",3418
"0x67bdb98493838f8453801acba8323d650f9cec5d",3406
"0xa3e264fcb71c6f7c429701cfe59b2ea5a0b03072",3401
"0xda5bfe0bd4443d63833c8f4e3284357299eae6bc",3396
"0x67ef9503cf0350db52130ef2ad053e868bc90fc7",3393
"0xeb66348dbc2485e5d23a4122993f235852818f81",3380
"0x2d99414c7ab502f1fd152eb3db6059f060557d9d",3355
"0x267353a2cc8b329d8ed3a13cee17adf2427fa680",3351
"0xe4b9376eb6fe00eb87dbf850c18fe949f1fb47a6",3343
"0x955baa6452f789735a5953683bfa9125d3d2e37e",3336
"0xc0bd5c193a090542e28151654e30d963fad57a12",3335
"0x83da7339ff5865f710bfb230672536725a21b462",3333
"0x9a60b63599d9d6cd60efb2fa473fcc064d9c667c",3322
"0x12715a66773bd9c54534a01abf01d05f6b4bd35e",3322
"0x466504150013e7da4dbce07a98b84493e6acee6e",3300
"0x9424b1412450d0f8fc2255faf6046b98213b76bd",3294
"0x8bb1597ab90b1c2d6ba1b6ce0f7abc8b83383d21",3289
"0xc2acad3578019495ed7814a612aa0866b7b733e0",3266
"0x1b75b90e60070d37cfa9d87affd124bb345bf70a",3260
"0x1ca200b6fa768d0cbe4b1c52b67daecad94838a6",3254
"0x57d0279e62681b377b9a0dc2c735783a9196b840",3234
"0xfdc77b9cb732eb8c896b152e28294521f5f62e67",3220
"0x07843bddc1d39832f57701c06562934fab925b69",3207
"0xa6f56bffb35510d2bea91336f414eef1956b8243",3200
"0xecdb63c30d46e8c86bf1292fa7d4519535b161c3",3192
"0x0cb0ef403f98776be2ca4324ffe6f4e1d85dd47e",3189
"0xa4d82f73949cb2ed1be03c0f1c134a3dbbbcbd50",3183
"0xbd3c1be262b11e10562076c1b66f3d62b87ab456",3174
"0xe1e37736331526b8aa9c99446ead814c3431802e",3147
"0xda8be6e2f555a753d4b0dff6b5518f262d097bc7",3118
"0x12a36b160d0ed3eec806057801b896bf9f4d0dcc",3115
"0xdc2778e19c7f32d2cf0c4c90b705fb702aa94150",3090
"0xe27855ba0de5743fd6a178a370660415784e8e6a",3043
"0xa0be9b05a5046df6d56f8e09828a1b1a863bdea9",3025
"0xe6334a896a5a983c97e9c454da61e8d238eaf457",3021
"0x626524dfbbf7acc758c0d5ddb9f609457b068949",3016
"0xb72714c89f6761c9be819beabd21e1fdd7c5cca0",3004
"0xc561f5e951a12288b2fa669683da62a20c53d71e",3000
"0x8484ce2895999fb2a24473e9fc8ea156131bebc6",3000
"0x9c108657f4caa1182114dff1377b64198aa95bcd",3000
"0xe7d8df8f6546965a59dab007e8709965efe1255d",2994
"0x585a546a781176fbb306caa4e4198a0a560964d3",2990
"0xb890abef585b25536e8c32a738ce1fd9b4ccbda6",2971
"0x1d6e584107f234b76e66d27f305993c95228db0b",2958
"0xf6aae2c7c05769c1fbd1d752b1d5ae30664236e2",2949
"0x3210cf0892b794a9403f958fdb94ae2e13ac451f",2938
"0xfb82e5f8b423690d65f76c5d071ce343499b3bbe",2920
"0xbf07a0df119ca234634588fbdb5625594e2a5bca",2920
"0x7a5ce41c3511e4838f5dcefcf5533950ee1a8315",2907
"0x370f101ad006b10f3050ed2621924e72d1d77436",2902
"0xc998e2e268d68226f0ac68ef81abe6a994ed02a9",2901
"0xe91693256e6b69ece193adfc80440b7bfd2f6022",2899
"0xe33ca1ebb783343035b11a7e755c29c28b763540",2897
"0x518530aca60154403012f17c7b8e26f88f7494ee",2897
"0xbca52c29b535fd63bdc7ca35efa56116550f4c59",2897
"0xf4e4802b521458380ccfee452d6f9b8b3fd6cef0",2891
"0x9d207257f410303a779837fa0b55e7cafb15fec6",2878
"0x56321f4f06298b211d11ce1605b245d8e37dbfa2",2849
"0x4cf2220105995f006813923019f02be1ccca8132",2816
"0xea2f813551bac0db08ee254700dc4da5dcba015d",2814
"0x2aa3032c58c211671c4ad21fe235e19115b8d8d2",2808
"0x2551a099129ad9b0b1fec16f34d9cb73c237be8b",2740
"0xd0eb97e08cfde8c177319e300dfe9cdb5823099c",2729
"0x947f2e03d2d627bc50c1f898e71d5f5211edf225",2705
"0xfda1745cddbf46cd9f75150baab492f7242051ed",2672
"0x216550e25c54ea394d9b862375efc2c2c5cfbeb1",2672
"0x1d09a6d1c45d1a9eb8cb8a8354bcd78e225f06d3",2658
"0x909d05f384d0663ed4be59863815ab43b4f347ec",2630
"0x0000006e2b22a1d0dbf1096fa50f252b8325e18a",2618
"0x42067d00542beb633df2a001d23b0cec0e888746",2617
"0x2da762e665fe9c220f7011d4ee9c2d15aaa27f9d",2614
"0x97eb98bcb43dc68207945da10c0f315311dc0c74",2605
"0xd9db58c0cd8b93906ec87e353d6b1dbe19f3bfed",2592
"0xb47c930fa2cce89d0a92925733ae65f72ae8914e",2586
"0x103247393f448203ed7ff7515e262316812637b4",2584
"0xa6e65097aba1f168b03ded70a4643303a7278780",2584
"0x0d993eb65d9d88cfb1ec894a08c7f446f180d5c8",2582
"0xf6014ba24ddfeb009699ffd5b753487f0b2eddd1",2581
"0x63d393c0cda82c2a01d784ee6bd21f121154003d",2581
"0x7c84124f0f7ff8adfab6c4c51ebc09c439ca91c1",2578
"0xc63d24990c18ab6a8fb805f5d6b11714700173e9",2576
"0xfa33a58fee425d5197780f8d2872fb5d30711834",2570
"0xfe87913053e7361ef5f7d8816d90ed5523f0258f",2566
"0x3fefef26ea454c1c8e86c9d08bb78a7df964a5f4",2558
"0x6be3d376de53355c24a139ed3db39ea3ad7d07f5",2557
"0xb698bbf6b1e981eeb240d843abcd6779075b8fe3",2539
"0xf3da9ff6dad212ff1423c07fc1693a7eb2fa6b0b",2538
"0xa394a1094ec7dbe8bc1bee8b4daddbf1a46c7391",2523
"0x1e313a9f908074d779d72ca4267a0d056f9fe924",2513
"0xf1ac7a375429719de0dde33528e2639b9a206eba",2512
"0x85b4e5d92311e087edb59f49212f8ea37e7b13e7",2502
"0x81c77077f7efac072fc4eedebb6ffdb9a0a337a5",2501
"0xe3a034ebaab7ada1510b5c56eda52f7624b762a1",2500
"0xc7e9196d56b161ed8a320347038c9612270cb1b7",2500
"0xe8378d68329e89a09389d515ae0aa609fc467486",2500
"0x35e70298a3749add5eaa5b7eee90571682d5a406",2500
"0x9ef755b02cd715e15e1c4ecf367a972a824a0c65",2497
"0x41e8dd9f23bb733f3674ba82bb03ff08ed48d5fb",2492
"0x39eb1942c0dc6bc0b422fb9c6956770056d16c9b",2481
"0x19d4f5633ca57127527eb815a7f37b614d197f49",2475
"0x179b2f76806904f09bd4664d6fc25d2be5b073a9",2462
"0xefe0b4ca532769a3ae758fd82e1426a03a94f185",2444
"0x07ca4c38c50ab5eecb251a9446ba422bf27dcb56",2440
"0xc4ffcd0b33f0db31be9094d91c09e9a033182a41",2418
"0x85aa7f78bdb2de8f3e0c0010d99ad5853ffcfc63",2411
"0x0f81e92e206316e9e6d4d9c57f3921ee60817900",2401
"0x0fe1983b8972630c866fe77ad873a66ec598b685",2401
"0x30ecaa3ffe3f46d18ded39267acb11f6239c7cc8",2400
"0x1495a99a032613c74c774a55e4dcefb38750c0a5",2400
"0xa678cad8f13c0f8b88ed5fee227dfae1e6fe218e",2395
"0x3ea8d1f331d33323820d6b3584fc93cd8b8e7a1c",2379
"0x000000130bf3701f7b17958add2608b06bc718d2",2378
"0xc1f20ea713da6c7414da00309ace2e397c85dd5e",2370
"0x17371ed8e7bb4f8ecc68443efe0fbbfe44734989",2355
"0x2c702d98d4d7e2af742f071c2038565b1cc07bef",2354
"0xe9db36b09542ed252c54ab3c7724b73a1a42b9aa",2346
"0xaa9fa73dfe17ecaa2c89b39f0bb2779613c5fc3b",2344
"0xa2e81c205e38324bf7432aecbd2c7e20c717e1d3",2343
"0xc21475348b380506e6caf0fa24df68a73dfdf7bc",2338
"0xe11148e6d6f8a7b7310367b9c7dee584e6c8c672",2338
"0x484c6c752e14460df88dde710bb17fa5d3393b53",2329
"0xf1c525a488a848b58b95d79da48c21ce434290f7",2321
"0x6ea4c486a36cbed38db1643ad124ccf96a11cc3c",2316
"0x23ccb865ac268927ccb36de108bf2a10fd69c0d3",2313
"0x000000000a3c7c86345a35a0e97a4bb4370a8dd9",2311
"0x3db70445010bcc545d4f7b551cfaa73dcd95e42e",2300
"0x3b0dddb87603d2e8b4b275162a51e712cb858e82",2299
"0x132b6dec377163caf8f4054054a5e3fa9ab5b286",2280
"0xd1543c58c9b0b6d9bd32d8079fa3c91f297b1c76",2280
"0x5de4839a76cf55d0c90e2061ef4386d962e15ae3",2267
"0x48c398e79a2a144471b545319ea48d82b812087a",2260
"0xd46de5afd059cbd5ed7bc6d0c75b14d53593cc0c",2250
"0xad8bc6957d47f29773d85fa557f37f578420d090",2245
"0x68414b6ef86301433e37347b68b89e25b1bec208",2238
"0xc633fdadd08048bb8dc4dfbf584fbf8f94e67a42",2229
"0x76d49b573ef641faf2ba5b9f24c74777ab140841",2223
"0xb59bff945a74a427c74fb27ae423fcf81da27c24",2211
"0xd9c0a2166a3fd49227fd1d7ecd4ac25ac77187c4",2209
"0x023b28a60afd35609f03fbd72ba3c2f264e2b95e",2204
"0x30abb1ba21d1500136cd98d1cc64d231ccd638dc",2203
"0xf287032a4d24e838d4eb157002e7c77505d1c05a",2202
"0x6c8f2a135f6ed072de4503bd7c4999a1a17f824b",2201
"0x8d1e00b000e56d5bcb006f3a008ca6003b9f0033",2197
"0x0e788b687018585f1fcda8e04857445e2682b172",2195
"0x9e1ea9cd9bbb5ed68cf6684c0bece2889c402c41",2187
"0x00000064679010bf4602a636085ade15db041c89",2183
"0xe25fb13e178d59b24aa8793cebe3af929617266d",2176
"0x45189f5708ef158f4fca7b41f1274e1f7b645429",2171
"0x6815ad140b152157634be9ffc8c51d57e02da38e",2165
"0xd5c2bd6777250188b34d77c82e46838b602b06a3",2142
"0x66ff313cc07c720e3daf7822d6b5acf0b79b0647",2134
"0xa4949f7e21ead47d704500daa8fdb36f827bfaf6",2102
"0x95e76bc353d4d146bf6e3a6fd1d9db46acacbfca",2101
"0xfa543d449beaa3419d5f7f53ca4d1aaf83ef7fd0",2100
"0x0000000071e801062eb0544403f66176bba42dc0",2077
"0x3665f2bf19ee5e207645f3e635bf0f4961d661c0",2070
"0xffffab07392dbd555c8d46429fe14018ec71a5a3",2069
"0xe33c8e3a0d14a81f0dd7e174830089e82f65fc85",2065
"0x378473f977680569a04d551c885c4c98fe8da8db",2052
"0x41e0715b3e20a9fec04fbd92886f28e150e6380b",2048
"0x5bae8331cb2dc46bbce4d5966f757d8ff1689981",2040
"0xe53fa455115b88c32a4fbf09b221dfc0f1b203bc",2036
"0xdd3068d772764443e4c4b18b8c96aee153d83056",2029
"0x29bd2258485da9f4224a99c512e14d4f64d81a50",2024
"0x0000005e3518be7a49854ee5f6ec25d2de910000",2023
"0x40525ac2fe3befe27a4e73757178d4accfef71da",2021
"0x5726c14663a1ead4a7d320e8a653c9710b2a2e89",2016
"0x9896f9e70c03cc2a33fdb49ef2fed75a927b6f9a",2010
"0x786f1419276ad818a9c0618785b55b3f84bcba37",2006
"0xb58d5fe30819e107dec55132364afccb2551a6b5",2000
"0xb5eebefb01d006aed68fc40f8092592b89be21b0",2000
"0xe01ed9e684de649bfec799cd79f6c27335c23cb9",1996
"0x3a859b9ea4998d344547283c7ce8ebc4abb77656",1989
"0x75927bc9ff7e455c3b863dda236818835a8b7c88",1988
"0xcbeb6baa95322ee796242a98ba5fc2dbc78b7948",1980
"0x64a04e5356efb6b2a2a2ca553aee24231bc79b75",1972
"0x55a6c51655a6ce86d4d78b19eb1ee1a3227f68cc",1971
"0x171b4fbd33389312894934fe824d39d8bb5001a3",1960
"0x1ef0159071b2a5898024cef4b4f78c171b7f48a8",1959
"0x842a499c04afab73af5b1940ee492cd3f7f3eb2e",1946
"0x3f1389e7a92bdbabfece105aaf815972c276c0da",1945
"0x3408d13d5deb25db529eff2ea53d3aaf79dc977b",1935
"0x3f759889414427121907385e01d7d3633ba1f583",1925
"0x00000000003b3cc22af3ae1eac0440bcee416b40",1922
"0x0621376ca29f0c57562cd470a8e151df5b2fd993",1917
"0xd878955a1f59e318c8c768f3d4fa3d1a945d616b",1905
"0x4dcee5d5cbcd37cacb262290d40bec3bf61d07ec",1900
"0xd3f37e012c1975ea7d12a2bcf1f9730ee4bd3071",1896
"0xdaba83815404f5e1bc33f5885db7d96f51e127f5",1894
"0x4e4946298614fc299b50c947289f4ad0572cb9ce",1889
"0xabf050a746b6f98cfb8978a94690524d0cda8bf6",1887
"0x266f9795e6e8992d34a026e4cf973ad06dd7b995",1882
"0x957ab98aa04ffc5c0cb1b61ce016cd954f2756f4",1877
"0xf554b22a01d5f250510c0b5e68a002e131763cf2",1876
"0x7c06792af1632e77cb27a558dc0885338f4bdf8e",1871
"0x2cd3341286ee1f412d62b807a979947c3041e3f0",1864
"0x0000000000ffe8b47b3e2130213b802212439497",1863
"0xfcf78ac094288d7200cfdb367a8cd07108dfa128",1857
"0x00000000aca7ba47149da8a2f0ce02d140ecfa12",1848
"0x653bc9842cb54fa5454645be2eed7265f9fb9523",1842
"0x574317b5167521d2e3e34469a6993102fbbd92ed",1839
"0x045befa474588abfca096b3086c44421d0d09716",1838
"0x54833d94b55202f2cbba52c3a002131e76fef30b",1830
"0x074a22538cfd27a0c2fe8f4f640cbb4b3f0b0444",1829
"0x9423317a48b4b0af453b1f206e96e65abfad3e26",1823
"0x0b7666f532f6665485f46b3fa22d3b39e519bd6a",1821
"0x0000000000a680073b2eee93abeb4af4d4a096f8",1820
"0x696dc02ce137f6690c83fa348290e59e70edff28",1815
"0xc852ac7aae4b0f0a0deb9e8a391eba2047d80026",1811
"0xbb26e015a4ea37220ae1eb0bae0e268d146eb547",1810
"0xd76c75b9cbbeab4109456fda9f2da73297b795db",1806
"0x2222a1bb03a231008c231abe1618d1a954992222",1801
"0x57de582b5f52c69b916252e83713bf50da30803d",1801
"0x5a5030f26e7b6e180f5b90988c3b8777dbb6754e",1800
"0xf7e729e00c297d452c56a0dca163a93bb2fe6f87",1798
"0xd6431a17cc6e6c1a30fe74ca95ca942349256982",1789
"0x9cc33235665fb6e56d00afafd4b07d66a2e831c2",1788
"0x00d7884a6e9b6892b1be3eeb9a42a32668a8ec5c",1784
"0xc1d628b9170ad61ed12f317f2146f099eb4e4727",1784
"0x2b6a9677bff6f6a6ecd8dfc095700a79d9b8c599",1771
"0xf9d09d634fb818b05149329c1dccfaea53639d96",1771
"0x767d4f2eb1126d88e1b32b39d8021be8113dc58d",1768
"0x753aee3bca7eb9da4e9ef2909d725ec8759cb196",1763
"0x336ba015153dc1e3933cb601c920a1114036388f",1762
"0xf3f8ac1f0705505ac9c8f3f53b9a527384db8adc",1761
"0x6933127b497c83466bf2995bd4e22b1536eec5ad",1756
"0x039cf93fc7c65e0dca7cb76d3ad7c4031c80c126",1754
"0x0000000000007673393729d5618dc555fd13f9aa",1746
"0x67c838cd6e0ad4487a279f8286ee8673968bd615",1740
"0xcb6061930b15f108ee225931d27a1b19724bd1fe",1734
"0xe6b8b5c49d83619e91a57d50d169eabee8f91f6b",1734
"0x1ca2007d4f2bc0ec2a56ecb890e56e05f36182df",1708
"0xa7198f48c58e91f01317e70cd24c5cce475c1555",1704
"0xb2bada982b52ea6f34e71584d18b66f37eb95371",1699
"0x23b4f4b4fd084847ff824573c0bac145062608c0",1690
"0xd907c9c6a123d37bccbf5e1384283a7f60478f25",1689
"0x45366c64854351c5eaaa025e89edd8e279df6dbd",1686
"0xb93427b83573c8f27a08a909045c3e809610411a",1672
"0xae5509c203f1bdd00dda5fc0261931ca79f06c50",1663
"0x8b41bceeb9858cfba8139f7c87e2b002b92a3d00",1652
"0xe561583d3a0dba55569da8ff2e51a74d435ef372",1646
"0xe210330d6768030e816d223836335079c7a0c851",1645
"0x5f3e759d09e1059e4c46d6984f07cbb36a73bdf1",1645
"0x44a0574254da49c42f096a92e378239eab07ef79",1642
"0x9dcef127d9d31c41db3a48ba1cd24379b0cb676f",1640
"0xaef3e8c8723d9c31863be8de54df2668ef7c4b89",1640
"0x157cb10a4f4232cb2733dcafb266e46a654d3bda",1639
"0x22ff1dc5998258faa1ea45a776b57484f8ab80a2",1638
"0x4376cfb6d9fe9b94a2e9fd0c417f7d50f2a29245",1634
"0x7335db10622eecdeffadaee7f2454e37aedf7002",1630
"0xdd172fe5dd2ec737e177cd56fe8282e2bfc073af",1629
"0x6f9f9e55ff50349ab8800c42de8f18b182d84ec8",1626
"0xd6c945926a79b3176c8db414b5f6c02aa47b9de1",1620
"0x162927e202e7e8da8035d99c9850aae0de4e7d58",1620
"0xbe38cdeb8a95e78b3209c80c9c251d47e5ac8756",1606
"0x40400e673892a7bd7a239f1c992e42e746fd091c",1600
"0xa3a52d7026faf9a4a8666f3c90b995f772cceabc",1600
"0x2c325156416cc7b701151dafb6d4c0bdf0d398f0",1595
"0xa7b69aa4335db9f779763dbbc24c98d9c6b60d4a",1591
"0x000000005736775feb0c8568e7dee77222a26880",1586
"0xf9a3023b60e124070cae59165b5f8c6974b96ff8",1585
"0xce0042b868300000d44a59004da54a005ffdcf9f",1584
"0x9192249b95d0d3dacb3a0b0cd93560f4209c7493",1580
"0xcb90fc08d405b75f5242cfe8f8d0397de19d149c",1578
"0x2c41a4d3e6cab045dc06db66165fdbf3aeaa57c0",1578
"0xaf490ba3eaff9495f01407ec22027bd90eafabb1",1575
"0xb8fe492d13fa49449f68371ca1dd4866dfa606ec",1571
"0xc5f0fb0ed8335f9f87eefac9cdef8d28a3f6d03e",1571
"0x4f684814be672409ecdc982f086b9d31d2b0635c",1568
"0xd943c99682d5158f1cd1b563c1d764dff1aea187",1566
"0x8cbdbb50aa5af00b016a19f10900184edc325d55",1559
"0xb71eeba9df6366ac4c378c5c80cef7d771d94102",1549
"0xdb0a415d7e829bf07be151c0c7a65f8e26baa26b",1546
"0x8967a4c9da4cdd47e76d6a119e306c62d8df33fb",1543
"0x495c4abaf7c97e258ca51aa0f6655281ed6beb90",1543
"0xf3cd1e9326d1965935b287b1ee75c7183359a88a",1537
"0x2b901dc6427646c3a0a7d73d79532e1a78a0bf01",1532
"0x68f280cf26dbae17447af677468984b98dc3615d",1531
"0xbc805e6d75e3b8ca359b052939506d63832cdaa7",1524
"0x45aa7d41764d633d8766ff048fad349499393dc0",1523
"0xe7b34a68e98ade9ca7283a17e930fc19cef0e89c",1518
"0x188b67c9c56262df3d3b0d07e389b24cc2c91e18",1513
"0xbd2d6ac64066930602d465a2fef29418caa70281",1513
"0x64caf95a55e5d48ca5bf94efc682254487b968b6",1511
"0x69768df501bfbc3e38829bebe36b08b6a635d899",1507
"0xb9da44c051c6cc9e04b7e0f95e95d69c6a6d8031",1506
"0x000000223e521e709d344847e35922d86692785b",1506
"0xfc1c0c8b18fac66f3ae5eee47c4e02a103980ce3",1505
"0x97213747f86645b6effe3b2051fd41a0944c4e33",1501
"0x31276eaac157014b242e1b4fdef8b8f2ec97e25e",1501
"0x85bc90ba86fa1500aa0703ac1708a3e904ac937b",1500
"0x8f3beb42a13d737df429f4a799269dfd535235bf",1500
"0xe01c5efcc674a72eb690670ed3f63624542ffbc3",1497
"0xf0c5cef39b17c213cfe090a46b8c7760ffb7928a",1496
"0xf6f5463bf02ff55bcd99e7c6a3ff8b3cd6ce75f9",1494
"0x43edb88c4b80fdd2adff2412a7bebf9df42cb40e",1492
"0x000000000092c287eb63e8c2c30b4a74787054f8",1485
"0x00000000a8f806c754549943b6550a2594c9a126",1482
"0xc3dc853dd716bd5754f421ef94fdcbac3902ab32",1480
"0x9f7d9c20955713a67c3dac880a96b8258971d631",1476
"0x9224dc6f71426a82c558328ebc1471ba2c358762",1473
"0xb912f08f8c185d4837fce946b7eefc870a80e0c8",1468
"0xbd19a7a689454f2333dabc875d8a974bbcdcae1d",1467
"0x646707246d7d5c2a86d7206f41ca8199ea9ced69",1466
"0xb8a011962de2dc509f3f43f3086df5c3860425cc",1459
"0xf74a61401d545ad8277d69863f746b5bccbe1f23",1456
"0x74fcf005b180291be064d68bca34879e583f553a",1454
"0xd8331cb1fcfaa5569fcb5dc92c784b2242ea2e6c",1450
"0x8fe00a685bcb3b2cc296ff6ffeab10aca4ce1538",1446
"0xfeda03b91514d31b435d4e1519fd9e699c29bbfc",1444
"0xf461cdeb386b3592da42d72d1ee39d539acf1d46",1432
"0x293b41d4cd5fb6a647d17a61500ce2cbe8bb069a",1420
"0x48c1048a6e114d525c9522fbaba54bca78efda39",1420
"0x000000000000c1cb11d5c062901f32d06248ce48",1416
"0xc50c8357bdeb6f3f493f5753ae9e89c359d4278e",1412
"0x9f46b925d057db0e6712238ceb4189112a0d7ef3",1412
"0x700c3e3178835db0c308b83f1ae0c85b92e13288",1412
"0x00a01a63ea02825a1af87c9b806dd4b4a46902e5",1410
"0xaba045af94c566d3308caafaff84c5bb483370f4",1410
"0xe1cd722575801fe92eeef2ca23396557f7e3b967",1404
"0xc74ab8e36e05d629fb26512f476e4b634f9422bc",1401
"0x6d17c5c28ec47f47e4ad96ca79cbd81851f1a4cd",1401
"0x8861ef7a2fe49e0139358c4785d21fe8461d5fbc",1400
"0x38d378f33477807c8a2341d5ff026a9cdcbedac3",1398
"0xc0a2c1edede669125f212cdbce367a6efd333933",1393
"0xaa49518a5d38fe8d36ba9dc32e1a540afe852d48",1389
"0xdb17e9b8259c7e4dac2cba5ed2f97e1e43ff2c64",1387
"0x28a72a8b397e89f8ce0d40550ec69af737084069",1386
"0x95bebe7bfc6acc186c13d055d0aacc2de5f81502",1380
"0xac6c28ea3cb8a7ae7536d6e101f1b9b1dc726d67",1370
"0x7031ab87dcc46818806ec07af46fa8c2ad2a2bfc",1370
"0xa520fc73dd9e251aa7daaaeb9eb6c1032907e682",1369
"0xeb8b207952322072bc5a4585e2fc09b06d573bd0",1363
"0x31a6dea7534c10ff4e2139b6774300f5b335ead3",1360
"0x000000000020f8bed3b8834a234e64ae0b06af48",1359
"0xe28e054d596576841682e8c993e415b3ccb2ebeb",1359
"0x69dd852378ad26571ab04e94b243010d35a34a7a",1354
"0xb74c7eaad08444b2af6ad3d5f0f15719c8543f85",1351
"0xec9f849b4f67e60c722de13705ed57364c5dcbe3",1351
"0x2f12d621a16e2d3285929c9996f478508951dfe4",1348
"0xea502fd531e904c92eaca2af92ba1851a680c71e",1348
"0xc03ffdaf43e6c5ad2faecba3ba1dd158bc28579a",1344
"0x89862682acfa96cf6e9baa6a3edaf6b0b37e657b",1343
"0x5a51d991d3d7deeef9570dafc881874311dbc9e5",1342
"0x7e80bd5a2e8fca0b160254d43ac9f43ac2cc1052",1340
"0xd816fed7301e5d42dda78eb709d374412e550a01",1338
"0xce417118275171e1f2ce1ca5206b897be17f0134",1334
"0x9da0323516a9f06bd56cef214181c5e6b8bfd9ac",1330
"0x269363665dbb1582b143099a3cb467e98a476d55",1323
"0x81ad996ac000d5dfdc65880a9e4ee487629375c4",1321
"0x0099eb698a06ed9d4a7c7c1acfbbc8e2ac14caa8",1320
"0x81e11c4701c5189b0122ef42daf1ff3d453d968e",1319
"0x5af823e1ffad2cc39df61ca2ce01fe2bcd73d541",1318
"0x000000000000addb49795b0f9ba5bc298cdda236",1317
"0xb0e2324876f36a7470eb8c42920a06a1ba813a6a",1312
"0x8888885921e92d47844a51b68262d4fb122cfa16",1310
"0x459388caec19fdde3618b84909c7fec74043de55",1308
"0xb725e7a2dc00ce2767cf3ff56a9c4f52b37f8d04",1304
"0x020209523bb1baac911fbd2455956822d35c0202",1303
"0x15f889d2469d1be0e0699632d8d448f2178a7afe",1301
"0xf95393bf51f7de936a344ec1414c07f23277e56f",1301
"0xad8efab7e731cf669f50916de51afd45e372d59e",1300
"0x5e615dcd2bf9aa8444cb183c07cb1a414bfbb027",1300
"0xf7045a5d8b4503d3072676985243a2f7e1a613f5",1295
"0x0b916884d8c673a40c34bbb60e79ea17edf9d051",1294
"0x19ae329b4ca5b1003718c2cf249c5d6de025298a",1288
"0xc4c272d5822fff52eb0e12ebafd1927a9a5fc953",1284
"0x3b958770bd1e7ac4be6f79314dd9ce26418e160f",1279
"0x3a11344d66a72784dd440820ba6422a534a4206e",1277
"0xfff545718b6f8f9a36d2935a32f7bd70bc3d3f85",1271
"0x09e9ff67d9d5a25fa465db6f0bede5560581f8cb",1270
"0xe1a2d917931b0e88bd38f69d4e31e94a32986481",1267
"0x775ecef1c70ed299e37006f6820d6252b0e90bd6",1258
"0xc4fba8a515e16940691afadca0cabcacfc46f3dd",1257
"0x04bb19e64d2c2d92dc84eff75bd0ab757625a5f2",1256
"0x9f82a97f4d378e2a17a9abd46c748a1deb9ebb0c",1251
"0xf692f76d019b53220748ef76a453d78e89b8f7e6",1251
"0x25c5fb03fe893381d87ceda36ebaa57eea4ad74d",1248
"0xd59c6378a9831d0e6a0303bccc64b5c64be6114c",1246
"0x3b94b988ecd65060b35cc7782aa276e295b53517",1244
"0x86b3a1ce06a538557338ed9e81733e2d820d80ff",1241
"0x770d818df6edbbd9c6a7deadf2cc3b387dc89136",1239
"0xfda6df1e357389465c1f8140d1ab99a118d269a1",1237
"0x00bf034cec51975faece51b285724301436b21c4",1234
"0x613a983742564500c31384b987fd06fa689bf060",1231
"0xd8eab6642265d5a1ba1c7ab20d9ce2d26afd8d15",1228
"0x000000a61aa8c4e48a832cc39655ef8156097aa2",1226
"0x21ef24ffb2116f44e7918a80cea4f52a2ea72b17",1225
"0xc313c87a64ff3dfedc07faf00e91096b5b63fac4",1219
"0xda9d0543311acf95df039d7b0e6fe45996f42382",1217
"0xec65b1d69135eea775135e56bab572766d379e14",1209
"0xb7f7f6c52f2e2fdb1963eab30438024864c313f6",1205
"0xf7f432f6012ef54563a7df43be075a91f8f76e05",1205
"0x7038c584d5f4da32b966b168d68595d07ede8cd6",1201
"0x4353d73cf0a1bb7b1ad978a9f48a1c72ab10990b",1200
"0xc9db9bf0c9c8fa30b09c45233e6a2d5eeff9abf3",1195
"0xcbe9f7b7b452f116118f72bff89b1bc269c7dda0",1189
"0xef650d5dbe75f39e2ec18a4381f75c8a4d4e19c8",1188
"0x9fc05b2dae3a22ac99a1bcc4328311da09090fb4",1188
"0x16a3cde91df00f2f4d4e555caed9449d7ab4f87c",1186
"0x94c4c463960082abed5430554e3698a19e3c9f6f",1185
"0x5c36b4e201d996d3b97d6fb2746c15b5bec3d7cb",1180
"0x12302fe9c02ff50939baaaaf415fc226c078613c",1180
"0x497389bd412e70a29e76f3c68c31ef4f974d7881",1180
"0x000085b8bdd57126a7000300af0076995f3700f1",1179
"0xe276d8eae70370d8fae1f33f446c76a0deefbb4e",1175
"0x8428e8d6c57de2420a62ff840bece86c4ea28723",1171
"0x6ccab97ec94f8158fda451c5504db728adad7dc2",1168
"0xfd4a60d101696b465a3ce35feaa082c66cec959b",1166
"0xcbc66115e9d8655709c3408d0e320410aef1161a",1164
"0x45540de697d2b3d825778b1f8d5bbf1a247841c1",1164
"0x8402bc953a12da325891af700c3b17d428672e82",1163
"0x9b0a078a5a8d5f96a810c73e7ed5b63c93729d16",1156
"0x4507269b3fc76dd1fe7b2b2330bf6554da042c5f",1155
"0xd5a1c8a5ea507ea459216ff34939cae3326dba6f",1153
"0x0ca342e3d7093621b911f52e0aa67c2c7768c997",1152
"0x2260d743ed99d4fb5fe051022fc2afde4b538362",1140
"0x240532ced6e6f8cf5393c15b6cf365f36e280db0",1139
"0x18ab7575ccb1a0b3954fb9252c8c5b77244b3455",1134
"0xa6d4462a24d0cac66bf6cb679efe3b90cf741f75",1132
"0x7451051d6f6376c0142df036455f7a70be0cb840",1130
"0x2f547b927f8149a449ccdf17c692b153c91502bc",1130
"0x19478179ef8bb7c4792a4041903080e097d137dd",1129
"0x8e621e2b3f00811b917423b37a3ea027591f177d",1129
"0xa020d57ab0448ef74115c112d18a9c231cc86000",1129
"0x99f1d0badce3baa6f49d25baffde602661a8b2b3",1128
"0xf43c91fca0ccb78b7132b29abaaac3a1f5780329",1123
"0x1fa0e1dfa88b371fcedf6225b3d8ad4e3bacef0e",1112
"0x1489d7a0194ae0640525a60ab28b629f7babeeb1",1108
"0x00e676bfcb59245254b4853aacf13e096dbbd1ad",1107
"0xf95a373854898513d63c3926f50a6462f757f52d",1104
"0xc87ac22d0c529464662e19eb5f5e95486837f499",1101
"0x41d7474597bee101bec45da2db651d917c99ba1c",1100
"0xd67928cd6000b5deae6b770d5e3ab18e87a395f0",1099
"0xec9a4470914cd1e8abbcf52c49a4cffa3c38295a",1096
"0x69d5f21d1588ebebf7622fcbd71958c193150903",1090
"0x97d8887ebc72c8e24b25f3d714e72fd9304fa552",1089
"0x2d10d4ead65a0cc6361abd27b0cc76f8eb9c1861",1080
"0x7078c3b8e7ec16321c88cb474cffc1b754517cd5",1078
"0xc0abbf630bc11aa4a48f2cb6735f22104eeaf3e2",1076
"0xb18da5a99773318d414dd9648877a313f45e942f",1075
"0x7354936bc7a72c8baf5a2f9262e70a52c427be4a",1075
"0x898bf05dfec6a2cfbfda2877ff759d62beed7fe7",1073
"0x0e6541374e9d7dee2c53c15a1a00fbe41c7b7198",1070
"0x3ee18b2214aff97000d974cf647e7c347e8fa585",1068
"0xdbf9916c0fc4705c4bdd3072a50fcb0b03523762",1068
"0xf280b49788aa40d0758c8d21f76f8cabb1c9d318",1068
"0x6b4eba8c4735b42d36f7de9d4576236f596e9a25",1068
"0x9a27cb5ae0b2cee0bb71f9a85c0d60f3920757b4",1067
"0xd079418c64c36f54f7958857291882c65410197a",1062
"0x92d111b199e93107e1c8a692b1f847988114ee7a",1059
"0x357f9afb22a2bb56f8f75ffa36c4d12f3b62ecc5",1059
"0x5f9322b5a8e24d891061dfa6698d36578c8aa35f",1058
"0x8a53dbefaa7df9e7ba9f171cb68deb9ccf32a38a",1057
"0x71590d4ed14d9cbacb2cff8abf919ac4d22c5b7b",1056
"0x4202b62990c763860ffaf5e4ee935b1459890e25",1051
"0x65330e7faaa0a92b47a64036af8d682449fa72cd",1050
"0xc2e1026cd13f12618d1042602c0f02fbdb775897",1050
"0x73a88235045962b8e630582f89cbd222f5b00d61",1043
"0x11fb858ee4bf594857483bcf86eb825aef1cbf91",1037
"0x665f1fd58a1512280ec91361657f8db521f8db89",1035
"0x9b8eb09a59a180e7798fbe7e099c8c351ac56af0",1034
"0xd3d0ed428045139e9ba63a6f952b8bce18879bac",1033
"0xe1836a09664cdee0356505d0bf05d456051b1768",1031
"0x2b3b76bb9ff9e8b91fd97c63c27db4d3b26b0ff8",1030
"0x00000000000f75712e0cfa682f7bfc795112cbd2",1029
"0x4904ba3148147d2f78b05a8446c01c48a7aba4bd",1028
"0x688c3e4658b5367da06fd629e41879beab538e37",1026
"0x557fa19371f9786704e9767f25839047da1602c7",1025
"0x9252bee78428c7bfe765fd94626742e8b7c60c90",1024
"0x7d0a7b318322573aaeccf72976f2f281179d0f4c",1024
"0x92c5d6898abbd58e388aa94c816d4d17387a8859",1022
"0x978039119e31886bddf790a50d3b0681b8e73872",1021
"0x5d660fe9d4edc15b7587d6a547f1e2f167485a34",1020
"0x26f28c99dbdb024ab764b8a8e0790a3a0745311c",1020
"0x1e1fedbeb8ce004a03569a3ff03a1317a6515cf1",1020
"0xfe4d19fdbf088f908857305cf645fd3ae2cce349",1019
"0xcaa8175b57ab028c38359aec26ef9b2696ec91b4",1012
"0xc2ee4954ea6e5164fa4ab8af4d326f6398c23299",1011
"0x115934131916c8b277dd010ee02de363c09d037c",1011
"0xacf6e590bb17bed97732ffadcab60b6d70677588",1011
"0xedcd7190e77e1d8f373ed636fccfca436da7f18b",1010
"0x69a6b4f86f861bd91f69defd199c22de3254bae6",1009
"0xfce7e447f25a5e25d012b1c3edb6f81508227e11",1008
"0x9a7c0eb053106356061076982b166ea744dfb8ff",1007
"0xd724dbe7e230e400fe7390885e16957ec246d716",1007
"0xdbb0de04eb832b601c04f666f728db0b96e86135",1006
"0x00000000009379a8ec05f225d1e59bb8ea05aaec",1005
"0x8e90283795268214e5cad284e63e358b2548d85c",1004
"0x83e9c9cbd2d84c843c1a186904a00cea22d3c20f",1004
"0x81377f4981ab9fc127b4480d5d4f239306ceee89",1003
"0xd0f21c41377b6f50ff02d3770723a8b1ea5e76d1",1001
"0xbdc23a2cffc1ba6eff420155715ce7a38aed3af4",1001
"0xbd3aeeadc3f8f46474eb5006b58e92f7f8d1ec12",1001
"0x3f01cd6cf3e987c36546a80ac5ed469669c876c5",1001
"0x8dd205ab9c387d3face287d03d23e2db9d98ce3d",1000
"0xc9493fd04a3ed3bfee84d83d9b7e25628ec1bcbc",1000
"0xdb91670cb86a36067a72a4e73b283bb5cdbd4e58",1000
"0xc979140e41efbc26a92a7dd88d30ba065d8b1937",1000
"0x9c1065e4a2fe67715ce82772cfc223bd76009451",1000
"0xbde8e7f63dfac347b4ac4826ad11749065690039",999
"0x03db58f0e9864d9d59f324bfca80a10465a49bea",998
"0x3898d7580aa5b8ad8a56fcd7f7af690e97112419",994
"0x28996f7dece7e058ebfc56dfa9371825fbfa515a",994
"0x57317f97e9ea49ebd19f7c9bb7c180b8cdcbdeb9",993
"0xec9f6c9634165f91e22e58b90e3ede393d959e47",990
"0x02f9a36479eeaffdb9d56931ca0ed3ca689c2b5d",985
"0x0fd433e474ecb81005ac906e0bcfab66e1d49371",981
"0x8a185ac79a30ae0a763b704ced76f6384f9f3e4a",980
"0xc8fc145491a928a24f1da88e31e6ff9771e5b59d",978
"0xe8e2b12e02cefc12603e99cd414d9d9ec82068cf",973
"0xf18056bbd320e96a48e3fbf8bc061322531aac99",965
"0x21e15dedf234d52bf911b505658c33397ac35fc2",965
"0x670d9ba49bf267f19e9709bfb9120fa6cac3cfa7",964
"0xcc5fe1eb8959d242d929a9c447df5a72402d8dcf",962
"0x2ea1016f08ebb55e2c4a5b5f167306c2aa634d6a",960
"0x6fb8aa6fc6f27e591423009194529ae126660027",956
"0x2dfa21a5ebf5ccbe62566458a1baec6b1f33f292",955
"0x00000046364fb287b4166ad17426350984ff9b2a",954
"0xaaf54464e17c9d1e7059ec51a624c08ebc371a34",949
"0xbccee05cb8c4e789690f48252c66b9e1fde7689c",948
"0xf00dd244228f51547f0563e60bca65a30fbf5f7f",948
"0xcfe8cca10c79bfad9989cd9f2a4d5c5457d4481f",948
"0xec7c20aecf61627f52d5dfccaa27d74982d63671",948
"0x0fb4340432e56c014fa96286de17222822a9281b",947
"0xdb684bb01fb661ffa92b3217478742a7f30f0126",945
"0x0000cbc67b4d70ea895902f83d7d9805f1f9587f",944
"0x49280c6c1894d5cdb8d1945af03f8245ba6999a1",940
"0x8e5c8745d654a7782ca2faf5d9e7c6927a43c969",940
"0xd8ae986159e350b6535539b8a1e488658452f25e",939
"0x0000000023e0e5ab3167520e4b6772dfc169e6bf",937