"original_creator","creations","max_depth"
"0x0cf83143f0ab9d6e178fc7f141205ec2992266c8",4342423,2
"0xc73fc08c931efe3fce850c09278472e8a81c2e05",3536334,2
"0x7e1e3334130355799f833ffec2d731bca3e68af6",1962984,2
"0xd7879a38dc8cca193e1aee8f569acf4872693a95",1753893,2
"0xf8929d90db92986660526fd006a7195219ed2383",1586363,2
"0x0084a81668b9a978416abeb88bc1572816cc7cac",1548393,2
"0x1ff21eca1c3ba96ed53783ab9c92ffbf77862584",1213829,2
"0xf7aba9b064a12330a00eafaa930e2fe8e76e65f0",1167231,2
"0x2666de46aa6879af3ac7f5e091fdd0c9a34e66e3",1049388,2
"0x957aacab066b0c79fa4d1720d33b31ad645ef3a0",1038028,2
"0xb5f84807633600d3af4d922486e0adf9fa5f6359",952868,2
"0x60f7f36fc9c823fd25fdf00feefc6d39bed8b53b",836795,2
"0x390de26d772d2e2005c6d1d24afc902bae37a4bb",722021,2
"0xe824ff5d7a5de844ea11f5ac5ebe2b6f02b7c511",661428,2
"0xa8344f42814ab006ace709b26368a68a416f7777",551934,2
"0xf7e522b8fd87096ae0db2dba4cc3b25d239e6c0c",504421,2
"0x2e05a304d3040f1399c8c20d2a9f659ae7521058",478582,2
"0x35899a1ed1ba6781d0b853c293d5dc1ed2b9c593",455037,2
"0x38c7ea86c8235b0cfccfb91153259e85353cd202",406557,2
"0xb42b20ddbeabdc2a288be7ff847ff94fb48d2579",401555,1
"0x9c33eacc2f50e39940d3afaf2c7b8246b681a374",395578,2
"0x470f1c3217a2f408769bca5ab8a5c67a9040664a",381052,2
"0x0031e147a79c45f24319dc02ca860cb6142fcba1",369731,1
"0x00bdb5699745f5b860228c8f939abf1b9ae374ed",360334,2
"0x808b4da0be6c9512e948521452227efc619bea52",355312,2
"0x3fab184622dc19b6109349b94811493bf2a45362",354914,6
"0x17bc58b788808dab201a9a90817ff3c168bf3d61",306610,1
"0x35d803f11e900fb6300946b525f0d08d1ffd4bed",292324,2
"0x4c2f150fc90fed3d8281114c2349f1906cde5346",271068,2
"0x47cd2c9cffe896bbd3c05af2ce6682dd969f2519",236164,2
"0x61fbb052daf37a3b50616669a10c4778f08f3c6f",234911,2
"0x07c8e38deda2ddead4b8f6ba67392aa9b567bae4",224614,2
"0xdb33dfd3d61308c33c63209845dad3e6bfb2c674",223129,3
"0x9862d074e33003726fa05c74f0142995f33a3250",206856,1
"0xa0b83e91c62289516b20167888752e19557ed683",193349,2
"0x604df452158e7ddf3e44338308edc079a953c9da",183521,2
"0xc5249a395d9668c1c200e85bf129d9d4c5f1aa4b",161985,2
"0x6c3f07bfdfce0463457385129fed97f0992a111d",145958,1
"0x0099468e4a520307c892163eb89bea9cea66cbac",142612,2
"0xd3e607d56ef2ab3dc8dcb71a22d8cf5939fa2419",140305,4
"0xa38afc5c1e33f85b06d4b8c2b4312c1dc1054882",139273,2
"0x8c4b7870fc7dff2cb1e854858533ceddaf3eebf4",138982,2
"0xfdb33f8ac7ce72d7d4795dd8610e323b4c122fbb",133195,2
"0x4c8d290a1b368ac4728d83a9e8321fc3af2b39b1",128550,7
"0xa8c32a2c1aeef97ba9458528e303b44af5967241",112992,2
"0x2f634a25a95fc7e319ed46e29eaacc46eb23e6bb",110535,2
"0x42da8a05cb7ed9a43572b5ba1b8f82a0a6e263dc",105582,1
"0xe8b0f94a0e000bcd500078b2000428c90e074405",102403,4
"0x84ba51a3b082066482385c2e77c15b36b2888888",98978,2
"0x1562bd4f90eb997611b5d7579ab38e5a23acb33e",92411,2
"0x0d0a953bf257e3dde6bc690e1067d8653ffe99e3",88669,2
"0x6bd1a64227866ac25b7f9c918b3dc32d2a9cfa19",87924,2
"0x004bd3562a42c8a7394794849b8ff5ad71c527b2",84695,1
"0x1b02f6a50357eacfc4e5d01b30f03b32518cd06e",84650,2
"0xbb50ce87be3443ed137df1dfdbf2fb0ca8c0a9e0",80690,1
"0x46cf7ddb8bc751f666f691a4f96aa45e88d55d11",80597,2
"0x470b2bf1dc0c94e3269ee4a52b5d97b44595647b",80189,2
"0x775c3b4820b5d37203b3cbbdf3af9efa47007798",79609,2
"0xbef663b32916696c0a03e7c4fbbfc7a829369d55",76811,2
"0x544731de2bc32c96198980f14923e50518ad6a1a",73841,2
"0x005207a012fd9d2f5effda1472f729bf9aebe3ad",69933,2
"0xcdd37ada79f589c15bd4f8fd2083dc88e34a2af2",69126,1
"0xed212a4a2e82d5ee0d62f70b5dee2f5ee0f10c5d",68633,2
"0x425c1b720d6be67d98937660c485849a845b2cfd",65309,2
"0x1fd5daa9bb707afb8a3197def72005757f8d1e36",64189,2
"0xd2c82f2e5fa236e114a81173e375a73664610998",62970,2
"0x98897c67e48f6c0acede849db163a132e6b75ad5",60422,2
"0x822d9f6f6d1e0a9785a8dff3083858e2c888f078",59420,1
"0x8a065e9d6424b2e016109f37afb40a7bdb56edd4",57485,2
"0x046719598e714b3299dc08acae88487d38920865",57448,2
"0xf42a423eaacd175ebb70ca62ed688b84f577ce4b",57235,2
"0x8e88c5108dad3e973fbb973c84795cce8e670b6a",56954,2
"0xbf4f63647992885a4c55e2b3d328fc3cb21e1294",56641,2
"0x86f855c130ccf3c3d306e56971e0a6b2c50fe13e",56130,1
"0xc0acf8bdb71cee8eea5cc8f03337abbcde782b86",55745,2
"0x7e3fa279512d59abb5417ef0f250d8a90ce98a7c",52801,2
"0x4154a0165b2eabe0e7a522d3e7a391e315291d2a",52647,2
"0x4ab28d42c64cf6b43979e489cd1aa9ca63fd0926",52320,3
"0x6ae6953a7c8da2f099f3ef8a1f1006e736f8e140",49153,2
"0xeff8670ff8b9a6b31586f0b6d491a3800edb2d88",48460,4
"0x2abf9f753d0af02cca358f98d633bad81cc555ed",46892,2
"0x521db06bf657ed1d6c98553a70319a8ddbac75a3",46678,1
"0x28218df2a8143e0d21533b3ece267d5d66000000",46545,2
"0xaa3ee038335ba66417cf63f2ead0978cca66a1a2",46479,1
"0x445bce615eeda424daf0523d79821ff23a017bfa",45814,2
"0xa13daeb86e37772bb956202f62a47bca44dea7cb",45751,2
"0x9d3de545f58c696946b4cf2c884fcf4f7914cb53",44568,2
"0x1f10ecbd971eab345ea19e96dc237b1fbd63de96",42006,3
"0x4374d3d032b3c96785094ec9f384f07077792768",40658,2
"0x673f0adc28bc674b625206d37c09c9e56f8e0346",40533,2
"0x75d4bdbf6593ed463e9625694272a0ff9a6d346f",39664,2
"0xa2aa74d8542a917a51601f0105e03febbde52eed",39505,2
"0x2c33864a98c502f8b50a939b5af1af72e441b940",39306,2
"0x0536806df512d6cdde913cf95c9886f65b1d3462",39033,1
"0xfde9292293171fa4ed63f05cff414f2db414cc55",38578,2
"0x1aa7451dd11b8cb16ac089ed7fe05efa00100a6a",38417,4
"0x3f1e01f65cac6cdb60ef5f7fc8f988f042949a2c",37945,2
"0x95271d54d6e0d88b3825f89a766f97b8b7e8af82",37517,2
"0x27e80db1f5a975f4c43c5ec163114e796cdb603d",37438,2
"0x8aab375c1a880c9400371dabf5616d568eba2b47",37327,2
"0x866f649cd9280d3dfa282372a3f5828839944959",36723,1
"0xddc50252a3080d5028d1c25261f78f023e9117d5",34674,2
"0x6b9ca9f0fbea46ecf0efd71262ae576fc523cb3b",34568,2
"0x0001bd3a3c6d13d9d0a14f306038f7638bf6b16c",34210,2
"0x58f56615180a8eea4c462235d9e215f72484b4a3",33767,1
"0x681017efe698b36ee9d40c5dfad392af0964ebf8",33175,2
"0x4ef221f76f046f3cfa3f739c9dcd368d59df99da",32787,2
"0xddb108893104de4e1c6d0e47c42237db4e617acc",32625,3
"0x9c130d47271261d3ffc86eb9204c43959e2de5df",32583,2
"0xaa06234a864105b6191aad445e7ca1f79a8d5e96",31896,1
"0x3eb52e71b1e73c5651faabbadbcc2693f918ac3a",30501,2
"0x81f5f7bf0afe2afb9d7d6a21f4fea1fb888e79cf",30440,2
"0x3b476a3c49ead380967bb7eac4445e86a653c917",30338,2
"0x2a77af338e960801626543408435585ca79f8b80",30003,2
"0x6c9fc64a53c1b71fb3f9af64d1ae3a4931a5f4e9",29724,2
"0xfecf51792263e3d2615df7f390262504199d7022",28834,2
"0xfc27d22ddb8ac6e0575db89e0eaefa0537e5b718",28752,2
"0x74a3868811ee9f88f57e3bc7a7c28689774b2c9b",28426,2
"0xaae659ab622f29274334516c5432983dcaeffe54",28135,2
"0x1835897066b44fed55cdb8d38ace71955ad0ebe6",27876,2
"0x0a6f3896f60b30f81762bddb640a800fbcd83a29",27132,2
"0x49678aab11e001eb3cb2cbd9aa96b36dc2461a94",26784,2
"0xab11204cfeaccffa63c2d23aef2ea9accdb0a0d5",26782,1
"0x174443351e21d47ed9ab51517a301107d92ede64",26589,1
"0x9c88c3d6b1952b7533f85215aead1c2eea110637",26473,2
"0xf2015a9160c9c9381ff99f19fc18e5af57cac8ed",25561,1
"0xeea5e6ea5998928352cf54425819436f80f95ae9",25093,1
"0x50ac3b1b1ec8cda119f698faf5769b57fd1d45bf",25046,2
"0xde3eddaecd3388b145cc70a885c4f1b29332b05a",24411,2
"0xc7f82452755dfdb32e5a3e78844f8912cb022df1",23803,2
"0xa2635b3d63b4e31976419865e1a81553bb347be3",23579,1
"0xbd6240e8e1471e9ec91825699e8810edd9b59cfa",23555,2
"0x8602f7b5602b38b1e30a9d36c63bea7dc02c8410",23424,2
"0x6cb44bab280eaa2d6fb8e798d0081dbf1ccea50f",23331,2
"0x88a80b35014fe7c33b4568cb818f2e16ba799b23",23257,3
"0x98257a73b02857679aac5b76f550d39d1c2d16c5",23182,2
"0x40b718295c68f15037a66aeb19e8c3cf9cb6a425",23023,2
"0xffbfdb803d38d794b5785ee0ac09f83b429d11b5",22832,2
"0xe35f12181a2748285358b63cff25887410d0804b",22570,1
"0x32b56fc48684fa085df8c4cd2feaafc25c304db9",22491,2
"0xd570df2ff020b833fc7b00c87ff21156e4ad488d",22397,2
"0xf2d6f6a52bde436321ff23b1ab124b216cb5f532",22376,2
"0x8f8676d434c5d958f615ae66a68cadbb7510ce26",21924,2
"0xc280ac0b1b91d1d9cc1fe42f7725d053fd7b4978",21747,4
"0x09862ed5908c0a336f9f92e5ffeb9768deac6091",21637,1
"0xead6be34ce315940264519f250d8160f369fa5cd",21173,1
"0x4fd1719fc6a104c1884125e754b04e3540136425",21134,2
"0xd82369aaec27c7a749afdb4eb71add9e64154cd6",20962,2
"0x4cb3fd420555a09ba98845f0b816e45cfb230983",20257,4
"0xd6c9710363cdb12eb585e817f431d44cfa442dde",19995,1
"0x307890ce363fdb31f83ac7d9bb06d1c64bcc793e",19669,2
"0xe1cb04a0fa36ddd16a06ea828007e35e1a3cbc37",19354,6
"0xf3ad24dec5fb69b5907664b1e541e120f8135664",19339,2
"0x865184ae3cf9d7ffb9b9e37c6be97eec9ad51f6f",19163,2
"0xad5723c4f7b4c478e09688f96a7a477b0d1196fd",19161,2
"0x0e95adb39a2dfe1c8f3969de4480a5d3ddfadebd",18694,2
"0x5eb54adcfc5cab3a38bb1fdc9242ebc6c930f651",18460,2
"0xb64cb43be59120972fb508a8171137c38b83eeea",18318,2
"0xa9a8bdaefb34ea98be19badb76bb686136412473",18268,1
"0xee223b2c6e49ae6f235a2b928c355454152d6ecc",18227,2
"0x7ff32570f8527fa84e927bcc557c62671a7d5c51",18189,2
"0x6b59210ade46b62b25e82e95ab390a7ccadd4c3a",18101,1
"0xf447be386164dadfb5d1e7622613f289f17024d8",18060,3
"0x21d25d0324d8355c96205c18945500c6eb999bbb",17654,2
"0xdd95aef3fb43d5e4f8b103227e2868e5d4e20fc8",17527,2
"0x93f7c56f75575ddce87b3dccb3a2629dcd7a4717",17501,2
"0x731e6cc591b055001ccb9758008f636819df6152",17403,1
"0x38a0a3dfc0db830e47c8a55d9962a43c98660a69",17389,3
"0x9837103896199878cad21a42015ce0513fc2e80e",17230,2
"0x060e3badf18a10255cb4e6f9a25baee44c70df44",17108,2
"0x43ceb4fb619109e5e373470bfff374d00a978657",16741,2
"0xd0d0fb67d2a37de67e1a794230bff37ee16737da",16665,1
"0x91d805fe733d80d86f7e6dfa22259decc9b16628",16593,2
"0x0000db5c8b030ae20308ac975898e09741e70000",16333,2
"0x83b4c3b2d3ebfc6cfac4e2387d96c5f62942da04",16227,3
"0xa4c542fc03ab644b35d0ef51bc3c58380f78b7c5",16178,2
"0x8a2760e9ff6c76949119b94b22b2bfc64c91c44a",16023,2
"0x25ba0c888dab435a6e155f9cfa9bfcec704ad3f1",15449,2
"0x99ac4df218ea034eb28f9947119f0fa063088372",15415,2
"0x0063397c091c1505532f8451c2e94570d8a8ef6e",15152,2
"0xa54d7d28bba53f816b2d8cf306aa985ddfc427e7",15001,2
"0xcf40d0d2b44f2b66e07cace1372ca42b73cf21a3",14895,1
"0x36b01066b7fa4a0fdb2968ea0256c848e9135674",14390,1
"0x9a5db5caa0c21a780da5645402484150d74edc77",14363,2
"0x4e3a20de4dc3baca80ace5e92e75c92d7fed40f1",14247,1
"0x5735fbac26bb21ca3c5228022cc382136038087c",14009,2
"0x099b1d292689be58f498f127f4e08fe4f0969bce",13914,2
"0x08c0278137ddae2c6cddb96f646a9954553ddbe1",13911,2
"0xf7f888fc1f7c59f35f72600b3f9d49c6e3d014de",13582,2
"0xccc2ceec129f0f301c1e5c7bd8885a3bcccb46fe",13417,2
"0x48d466b7c0d32b61e8a82cd2bcf060f7c3f966df",13290,1
"0x54b37843f7b951638d9a27a231f72de309c1b88d",13053,2
"0xfae24b41f509821a14c43f3826332d62cb6295b3",12902,3
"0x6552316697951435772137032762628463705058",12791,2
"0x35bb53120c75772714e7e4e5b5784851460b1381",12707,2
"0x744a51071df3b05cc78d1bee8cebd3018fbd095e",12511,1
"0x11142396bf5331381c8dd02669f1ed4a0be70d8d",12342,2
"0x088876687ac7c4c60cbc0690a4bfae0971964162",12342,2
"0x152a904475bdc2137db3a8eca7f8fdbf5c5518fb",11974,2
"0x6fe07534ca621693e335eda439c64c23dc03e30e",11965,2
"0x9424df02952d7c9b7c90c6fd89ff0c8515aeaab9",11951,2
"0xb59bff945a74a427c74fb27ae423fcf81da27c24",11637,2
"0x544c95080a81f25779e44fa715a881e69febfd37",11500,1
"0x165c27b635383fa2e39a05dd24f7e37a3ebb3848",11378,1
"0x5a374ac6de714523ae046b9b89d99918588b8be6",11114,2
"0x820d115b9c982260edaa1741812d1f85132736b5",11088,3
"0x229f779718d50228cb009745d684a77ffcd46756",11077,2
"0xf1ba76d490183a10b29f4dfc89d84c1f9b41dd3d",10774,2
"0x974abd318239d7fea478a8e4d27549c8460e25e0",10706,2
"0x27d7f6147a8748454b88be685c2804f96bf69db1",10681,2
"0x9846ccad919446c1cce8a1aabfe0a88443c4d3fb",10558,2
"0xee7a4b8302e9b423a278f6578381bcf7ea8d311e",10513,2
"0x868964fa49a6fd6e116fe82c8f4165904406f479",10363,3
"0x31a2feb9b5d3b5f4e76c71d6c92fc46ebb3cb1c1",10360,1
"0x43305382781d9ad351923b8748da7037a160f677",10303,2
"0x9ef182a63b3109b77dc4026c5f8605dc8730fadd",10279,2
"0x302ecaac5214f6ac75ebf5af8a1941aa9d670811",10269,2
"0xfd6658bbf39665c765b7659a0ac316576b6acc94",10107,2
"0x08920622dae1e2899e52a77de533a1fae50b9f79",10022,2
"0x9c92a1b44562a9312b1bf242e6168ee042ca03fc",10021,2
"0x45c83f34ca871fc3c17b32f700d2dbb285ce02ea",10014,2
"0xe64206209b751366d69ceb79b5f37f8629a2010d",10002,2
"0x27447dbd2ee1bc2e2757cfbb6dc97fef8cbb9354",10000,1
"0xa2a8f158aed54ce9a73d41eeec23bf3a51b5654d",9969,1
"0xc42dea1d2dd666f661025feb931a82f1f74ba4b1",9848,2
"0xfbf2173154f7625713be22e0504404ebfe021eae",9840,1
"0xce0f3d20783304ace062214e50729e7d96491b83",9828,2
"0x6bdd15d26ee026c0cb952e3d7fd7535cf7e1ef20",9786,1
"0x7cc06623ecb900f55e83b3b2301062e2eaa7e5b8",9770,2
"0x506c082ae6caabba8a37bd5a8b671aeac4f68164",9766,1
"0x5b2a5d1ab8a5b83c0f22cb1df372d23946aa7d8f",9743,2
"0x7a3cdc2e82c354e1a3bc51626726f20de661620b",9724,2
"0x3482549fca7511267c9ef7089507c0f16ea1dcc1",9490,3
"0x7284a8451d9a0e7dc62b3a71c0593ea2ec5c5638",9429,2
"0x795b83d7feb25e1f2368bf5b061ee1de7faebadd",9404,1
"0x6aa67ebaec1b31b4437741e31d48710707de44f3",9326,2
"0x0ffe7acaa02331d4372541aa6d5b146d0dfb6420",9307,2
"0x9c79dc0edd49caa9da6b704339dacedb45acbe3f",9299,2
"0x13d0c7ada3f98eec232ed7e57fefc4c300f25095",9248,1
"0xd27e58ba0530d9ac5e4767da6cc92104eee34a44",9151,2
"0x2a2a57a98a07d3ca5a46a0e1d51defffbef54e4f",9113,2
"0x681f1ba64eb4011d83c88884b5af0d4db69676d8",9041,2
"0x887085482062086932017e88bc94f0c63d1a0b09",8930,2
"0xd4d221ad5b753a6fcbb58a6c7b6b92605ca5325f",8903,2
"0x123694886dbf5ac94dda07135349534536d14caf",8822,2
"0x633b25af08349e3803ecaf2a5d7de3417f7cb167",8811,2
"0x3dd62f93593f2b6775db13b9305193a5890c7806",8801,2
"0xef51fd2f78bea8b891c9b1802bdd4272ccc3224f",8753,2
"0x43a7fda7614825cdb70297decadcfc74cdde3dd9",8659,2
"0x9fa2e35d6429ea3f09244b5d93057605a140ed24",8606,2
"0x0bb265cf65072ec09733c08f395ec9272ea220e0",8569,2
"0xc543581644db40980a323edb5c9a8f3ba335ca53",8479,2
"0x030a89694dd53bb166806f5114dc9ae7f7660140",8413,2
"0xd33814c56fdacdc7f084a5443d600ee5464452e7",8331,2
"0xb6235eaeadfa5839cda207b454d98b328dfe2f3a",8207,2
"0xfbbdec9bd33324b960195d9ff951377d41a35980",8196,2
"0x4648451b5f87ff8f0f7d622bd40574bb97e25980",8123,2
"0xa270f3ad1a7a82e6a3157f12a900f1e25bc4fbfd",8113,1
"0x706ee6cf36a4bf95ec7fe5d468571b9e9e63fbb6",8033,2
"0xe3bfcefd91e1b3d8156a02b03c0aba9ef3eb62d4",7936,2
"0x788aaa0ea8b2dcad6b4490b96a167445670fe82e",7911,1
"0x8a7e32c995d42838b3d1935838fbf450547c137f",7896,2
"0x997214ec4f289807a6677abbbd97a4cea813296a",7803,2
"0xece7ec83e23edc6d6af989182f4ffa104ad5a114",7785,2
"0xa37d9f24a6e65becd21794bacbe77f1410781824",7777,2
"0x05edb629679e13a97687e372560be6ee149476a6",7748,2
"0x947b7742c403f20e5faccdac5e092c943e7d0277",7745,2
"0x92294cf2267dc2f7681cf08dbfa3e9cab8ce2909",7644,2
"0xfa4ac96e0c2f9755cd0a38579d5b79043a71f579",7617,2
"0x016596abf1eb19de270e0409da362496b453fab2",7572,2
"0xc6160f5bc3c673ac390f11c492e8ed0d0693579a",7570,2
"0xb6ba1931e4e74fd080587688f6db10e830f810d5",7565,2
"0xd8b75eb7bd778ac0b3f5ffad69bcc2e25bccac95",7542,2
"0xc5849cf8756fe4636b9742bb939bfa9d409779e4",7542,2
"0x65f9b2e4d7aaeb40ffea8c6f5844d5ad7da257e0",7531,1
"0x4f4868f9555b7406d5e67a1f762164ef36e8db72",7525,2
"0x3e990e787a88cd4426fb3af9b90dd1d951e2cb87",7505,2
"0xd5efc2da1b4913121058972828e0f5b8a76377c0",7328,2
"0x4585b1986089c75e338498575125a70c7c92141c",7203,2
"0x1852dfd46032afa422d7791f734eeb374fe88c3b",7133,2
"0x60a31422dc7960b92708e60aeae8d0156e8b268d",7039,1
"0x890bc5691e6011f580e264065d09a7a1a6902131",7030,2
"0xa0181751bfae67ba4141e6c6d5939010d00b4d97",7003,2
"0xb94f0deba064706c11c437d1a125bc8f0b6b7a67",7002,2
"0x0ccf14983364a7735d369879603930afe10df21e",6899,2
"0xb02c6c40a798184d5e012fbb1dc698977671f8fc",6890,2
"0xcda7139d12bbcfea77747235729b677a7fab8ab4",6860,2
"0x86388554f35e69f078474b49174863238be7d58d",6794,1
"0xc419eb799543e910db5040bd3ada5cc57372e404",6779,2
"0x19248a0938c03ed52833b6c9ed1ab51feb649512",6775,2
"0x9ebf6734ebf95effb99dbe6dc5faf086ec394d94",6613,1
"0x7250abcacdf1b5e19ec216619ea2614dc2ff6b7a",6602,1
"0xf912eb31c0c7246010f6f8e206a297d6a28331fc",6449,2
"0xcc285d02384a0b20bceb2605c0e4c2b4bf579f2a",6443,2
"0x79e39f9141fe5828af29d8a3f6da91849959467b",6434,2
"0xee842f33040cc2d1ea4597ba6da152d66da6d7e5",6431,2
"0xe7ebbec0a89efd478dd72dc769be475a9f1ce50a",6427,1
"0x700f6912e5753e91ea3fae877a2374a2db1245d7",6410,1
"0xb49091108e6804d1675d32eaa02989096384208a",6388,1
"0xddad550986884040049bcb7c7db4ca3be9199636",6303,2
"0x41142d38bc7333712a9ae0dda6d1dc015c5a7815",6291,3
"0xe9eeaec75883f0e389a78e2260bfac1776df2f1d",6222,2
"0xa79d532d294396c23ca94c9377a0716f6a6384c1",6200,1
"0x7808501d56feb39533c151939e69ef1b89d30026",6156,2
"0xa55a06e887ff1189e180fb8574e7420a125db268",6083,2
"0x000099b4a4d3ceb370d3a8a6235d24e07a8c0000",6058,2
"0xbef7f919c70510072077984da961a60b789d9d06",6037,2
"0xbb6e024b9cffacb947a71991e386681b1cd1477d",6028,5
"0xb342a81d57bb9ba8b81111523cd10ea550df67f8",5984,2
"0xfdc61592e784b2e07085ee383e5c762a573d1e97",5955,1
"0x6c74fda18ea90e1c61e800dd9b4508ac782e0dc8",5948,3
"0x0e4582a65f4da7b7d5a9f0080d36b9958cc66821",5889,2
"0xe41e59b5ed5e5540014d830969c027115ca8fccb",5876,2
"0xe41e8de32a5a42d8cae3490815f3adb5ed8f56b7",5825,2
"0xf1d3c759f806f89fbc1767f8eb50802f820ee71e",5790,2
"0xc63c3782be79708e3574a3cdef1998fe029b52b9",5789,2
"0xd3a49ce53a13dc4631a785b344feafdca6f378a3",5678,2
"0x19b5ef852a02a1148ca1121266952cdd28cb954f",5636,2
"0x6b01f9f457a0fd978d69cf317987e81c86b9b831",5597,2
"0x373e067c71a43a216ae01505c3c108b1690043dc",5570,2
"0xca9c49172f52539e897accc2c49adacfc7cb4f4b",5559,2
"0xc4dea6887ff8e2acc563c3f531ef1349f8743725",5553,2
"0x259f872a24bcc095ba1d9798b9c2c52423ca9bcf",5546,2
"0x6f803466bcd17f44fa18975bf7c509ba64bf3825",5529,1
"0xd3bb575b12c8cf7c4b4167612c0a2eefd3126d83",5459,2
"0x8fda769d60d11fa81a0822c1cf8d4ac656deb18d",5436,2
"0xb707357cd23682120459e0bdb385401185de5e3b",5429,3
"0x02c845ac4bac48a6cd1e1c88a84195b7d5805b82",5420,2
"0x9d207257f410303a779837fa0b55e7cafb15fec6",5412,2
"0x4ff54c42b286c5bfe0fb173289c0a3a7aaba4ce3",5404,2
"0x90aea21b1f8365513873efb99f133dc1a7fa812a",5351,2
"0x1dcb85efea6a3fb528d19b9174e88ee35bff540a",5343,3
"0x2cdccac1979907d0a6c9c66f74e8fade41ed9ebc",5316,2
"0x6124458143f719aa88fb465d187ef65de391b766",5312,2
"0x322d58b9e75a6918f7e7849aee0ff09369977e08",5228,2
"0x71f78361537a6f7b6818e7a760c8bc0146d93f50",5181,2
"0x49c5670efb87264ae75b2a23447a754096406f47",5167,1
"0x9da0143804ade55814fb4a40b2434053024cbac1",5123,2
"0x4785972bfb3a04e0b188821b647066adb4aa055e",5101,2
"0x2f2d07d60ea7330dd2314f4413ccbb2dc25276ef",5100,3
"0x711a8720b458700cc3512e9950c18d745b41dac9",5092,1
"0xcd1828572c55d175ea93fe1f35849fa52f20e8ae",5083,1
"0xc9d689fd857dcfaf8011ba064db989222e84c003",5052,1
"0xb28e5a0ced9b51335136cd65e46a4edfa17ee231",5032,2
"0x066a2edcc0b7278a2cf5bf2a040b4a54a41a9550",5020,2
"0x225124dbcfbd9fc3092fbe8839f89e22198bc71c",5017,2
"0xff3249da62ca5286997f31f458959de9ae2f4dad",5017,1
"0xab64760b59118a6d9f5cfd16b1e1bb467677bd80",5008,2
"0x65e4618178e65f5f29c67b40283fb21e80548ddb",5002,2
"0xc4dd42b651026e2b3ce77c4a5feeb148e09769dd",5001,2
"0x13370c1947ba2d27a420bb8e27017952c80a6e6e",4993,2
"0xfc8bf1c09ae489a14448f4825740dfe69666c306",4963,1
"0x51a2813aae4e763be93a18d45dd06c5a1803de86",4961,2
"0xfaf1d783cb9b6da1a1630ab0076a2c9b51013180",4960,2
"0xf2fbae9b080ae2ac24a56cf456636804fa54db29",4922,2
"0x55e32598a1f00d9dbd5dece3e79a5c50fdcb8de9",4896,2
"0x2f5dc2462688ec4452e4390a0ad39538345523a6",4839,1
"0x85e9b260d90d7e62ead9b910f94f44a136f0e8f9",4746,1
"0xbf92d75480e13a28efee7c787615dfa0a4aada08",4744,2
"0x013a646c55505b3b692f886743a9cd75df4cfa05",4714,2
"0xf10e7b3aee370e34eef275349fd5a4dc1daaa356",4655,2
"0x917f588611f208f801574db2589a3b1f7755aff4",4649,2
"0x6a2a96c48c7cd42fc0122eb3fee7031079c0f0b2",4632,2
"0x51f900f0c3d6d70e72808d0da9427fdd7c98294a",4618,2
"0x99921736f94e667d5ffcff56e8b9741815e3963f",4588,2
"0x6345ac8afd7728ee9a74bb9ad0c9138c6f7f87d9",4519,2
"0xce697566319afa598bdab7dd4a3bdab15745ea17",4501,2
"0x4d8be7f55dafa54925f9fb2fd3bcd9b48d0b3966",4494,2
"0xad6b99336e701c1543d313f604bee4b25fba6847",4493,2
"0xdfec0328a07c399a7e32364defd3be6aab9365d3",4467,2
"0xce136bfcfaaf83b6b1995792ba826ca16082d523",4461,2
"0xd628773330aab3a897312c15e90beeec8768b48f",4452,2
"0x0d580ae50b58fe08514deab4e38c0dfdb0d30adc",4441,2
"0xc09f536eb3d8c866075b288e852b30b535374890",4435,4
"0xbe3e00ab5f19f8e4b0f75c960eec11b86a337daf",4408,1
"0x24034bca09202a622469c546120fb27421df0d4d",4384,2
"0x0a869d79a7052c7f1b55a8ebabbea3420f0d1e13",4365,1
"0x40d0f1c7979cd5e91f52a0fe00a1c61b466baa15",4340,2
"0x9c59990ec0177d87ed7d60a56f584e6b06c639a2",4332,3
"0xa80000228cf1a6d4d267aa7ea2ba5841d1952d1c",4326,2
"0xf32834f14f80c89cb31a82907bf474fda15fce99",4306,2
"0x67b8a8e2922c7522b5b8920a27715c8d80e9787f",4254,2
"0x9ebc8e61f87a301ff25a606d7c06150f856f24e2",4212,2
"0xb055d8410e87ab0382fd147686f6a7f6cf085147",4187,2
"0x5f40c0104527c79ac98281acc8b3901d62f941c2",4174,1
"0xf942dba4159cb61f8ad88ca4a83f5204e8f4a6bd",4168,2
"0x88888888ce394f3d5e318b66cbec6ed6e9ca980b",4151,2
"0x9efe43cafd9da49ed7af1215eaa392f46e3d766d",4151,2
"0xc6279e779b74e04d6936093b21adc95f754e5e49",4130,2
"0x085692c5c0cfe160aeed92bb904be1a299746ea5",4127,2
"0xeee4974385f19cd09d1ba1d9d20f297dc75737e9",4101,2
"0x033f1bd87afe19d6045ced3cf8baa95b8ad5aec0",4071,2
"0x820574d5ac9372a293912d0c33777c9941efaca9",4053,2
"0xaa618a0738f2e45d797dccd691fb6037cb3a6475",4027,2
"0xd1c24f50d05946b3fabefbae3cd0a7e9938c63f2",4020,2
"0x6363f7a91e0333ef4cea9c2a5df8955915a5b9a2",4009,5
"0x656e582b1c6254418aa6de0288005b5c93fdb3f3",4004,2
"0x8becaab42ecd565d34cddef9119195da48a8b25f",3936,2
"0x7f47e7300a886cf9bc7fb099fefdf178c613bfea",3923,2
"0x03a15103487843f8fd2ae0622660a3cac4df6485",3901,2
"0x87a60129375d22489bbd287ec0d23129ef9290ef",3894,2
"0x6810b1d8db4b109b8126cc06d417450411bf4341",3888,2
"0xa6887918517d189a387ef96447ba453acb95c7ca",3880,2
"0xacf1a8ac0eacac73c4b6cfce0dacaf845127f77f",3836,2
"0xad34dde5f3d08108fa77119ff34c002d0bb3ecf5",3809,2
"0xc0f4cfd3e99336c2c4d2ec52b4f91604eb23cb8c",3794,2
"0x1c6748e331af29c2c760cb2ac79fe73c71739022",3747,4
"0xa4949f7e21ead47d704500daa8fdb36f827bfaf6",3731,2
"0xfac0dd475a6ca535fe64298fbf99a0c8950a4e08",3725,2
"0xa75472ba654d69ed7da59bf1a27678ea01e53a9a",3724,2
"0x5092065b59a6b237208961648cfbb78ed319ee25",3722,1
"0xc9870f60415c62d998dfe3ded15aafc015f45acc",3713,2
"0xf12db6a6b8ecc2ea6245f8590135ca372abb36e1",3706,2
"0xa6aec92c715fb5966b5eaafdb7541638dba2379f",3704,2
"0x1554aa0026292d03cfc8a2769df8dd4d169d590a",3693,1
"0x82ac6f828536438759c5baf1e28b1ecd1c738bf3",3690,2
"0xe74d38738371e595ad6fdcf361bc9909ad845e5e",3674,2
"0x387788908f8380536385cebdead4280a3919d0de",3655,2
"0xc358522c2eb462e4886f4c5a53e5e380a616b63a",3648,2
"0x0d3f2298174db5d2273a24529a986ce77d00a4b6",3622,1
"0x6e3be8b8272fe5b4676cd70d13e3fe1710a43b3f",3619,2
"0x6669a22cf18852e1e5f73fe29bec5a6f193f4893",3601,2
"0x00a02bf4261d3d3a847d5842bb96d0e7542981a2",3591,2
"0xf27da75b1261e34a085b86f1d9c18fa5f3985cc8",3552,2
"0x0b5a3c04d1199283938fbe887a2c82c808aa89fb",3531,2
"0x7a7f78a2af5aef01a889e8713083ab77dcc9fc9b",3528,2
"0x889d07616b80abbb86407b8f154d70559bdbb867",3505,2
"0x321c394e44c97eff603de2d716dffacd312f0fd2",3479,1
"0x734c0f36036a6b6b2aff9c7267a666df3898485f",3474,2
"0x802651539e977410002803279e2f64c8f0dd5605",3469,3
"0x00000952c5165e391ed0f8adffcfaf45f3b80000",3440,2
"0x0e63d6f414b40bafca676810ef1abf05ecc8e459",3434,2
"0x30d50a841c2d2e99dbcf8274a4a135c662448b6f",3422,2
"0x384b12cfe8697bedaba8d987f2cb8e4f50a72c01",3418,1
"0x8235c67d3144c79041d04b4375e90305905f2333",3407,2
"0xda5b5cdc4932dec314440f8f5917874a99546cc5",3404,2
"0x46d17eed5b8a6bf6933228b64f6450dc9dfe19bd",3402,2
"0x73d6f7504968c8c2635c3095c831bafc87dbf8ab",3401,2
"0x2d99414c7ab502f1fd152eb3db6059f060557d9d",3355,1
"0x06590a641dc3eb43f2cebe435576389f209116da",3353,2
"0xcdbac0f7b54372548e0711e924a72212311f2453",3352,2
"0xe4b9376eb6fe00eb87dbf850c18fe949f1fb47a6",3343,1
"0x5c4add6cc110f52c3d180b9d35bbecbf12f1554b",3338,2
"0x0bbf6fbb27645d6e587f63a260917ecd9b19b22f",3337,2
"0xbf0c0373eb2a6b33ba07251b1348014fde8ec29a",3336,2
"0x745f64e81073d09279391d4fb50377dba891c323",3335,2
"0xafe87013dc96ede1e116a288d80fcaa0effe5fe5",3306,2
"0x6e9eef9b53a69f37efcab8489706e8b2bd82608b",3302,2
"0x1cafde51925b26a170ae6dd50a7113821e89e883",3302,2
"0x8bb1597ab90b1c2d6ba1b6ce0f7abc8b83383d21",3289,1
"0x00de6de3d1c5f7bc6243247436303ec17400e31e",3267,2
"0xa24ff80f1591201e7e2ce29843d5a6ba63e77b3a",3255,2
"0xdf7e1f46f3a53552c168f28ad95ef5eab6283178",3248,2
"0xb5f5655e8be6039173fef87191e53c86f799f7ca",3238,3
"0xc311fd8b92b5777c6e345aab02117919892a9cc2",3210,2
"0x43c54ba9804984d3299d4cc28970fdb37b6ca119",3209,2
"0x6dd0a86b3dba838df2cafe89ed6abb8b9ba6ea19",3206,2
"0x9d1ed2701e7d8c1c77bc6770ed970e76d07a494e",3179,5
"0xbd3c1be262b11e10562076c1b66f3d62b87ab456",3174,1
"0xe1e37736331526b8aa9c99446ead814c3431802e",3147,1
"0x4daec82fee8ee66bf60488171ee0805d487c29dc",3119,2
"0xda8be6e2f555a753d4b0dff6b5518f262d097bc7",3118,1
"0x12a36b160d0ed3eec806057801b896bf9f4d0dcc",3115,1
"0x222db1e3abb6dc772e5dbdbe5ae553e338666666",3108,2
"0xb698bbf6b1e981eeb240d843abcd6779075b8fe3",3107,2
"0xdb385ed08414c6ac37f9409a2f3e05fe59793ae5",3045,2
"0x79f735600820cb6bda9fc898e6ebe87de86af00a",3044,2
"0x7d3c67e008709d076e1e6f33da4c5296d4383c0c",3029,3
"0xaea5b50ab16251423ee21997f6cd23d1b87152ef",3026,2
"0x5a16552f59ea34e44ec81e58b3817833e9fd5436",3023,2
"0xe6334a896a5a983c97e9c454da61e8d238eaf457",3021,1
"0x626524dfbbf7acc758c0d5ddb9f609457b068949",3016,1
"0xe2dac0f7b526f26e82f76cca106df095f3f347d6",3005,2
"0x478ad7e0706e5c2c1f03c4790bc211310194d2ff",3004,2
"0x8eb91ed4836f99d0bd4ad6c361ca9e204517c6a8",2951,3
"0xfeed5cf7d996ab0cacb4b0baf2450f6c51b1efde",2950,2
"0xf6aae2c7c05769c1fbd1d752b1d5ae30664236e2",2949,1
"0x3210cf0892b794a9403f958fdb94ae2e13ac451f",2938,1
"0xf9a50f9f672f42d34983d82c078fff77410db30f",2927,2
"0x093bf230818bdb59d33494fa95f0bd6f05083c64",2926,3
"0x342759f5313fef8c2de47d8ff381de71d6b13466",2904,2
"0xe91693256e6b69ece193adfc80440b7bfd2f6022",2899,1
"0x6fae851378b9c1499d4fe9d01895c515365ed9dc",2897,2
"0x9db006063ee2049a35624bcce32945e524105401",2870,2
"0xf59e5e600e5aaa7488ee354aa59f586e84eea63f",2861,2
"0xc1a065a2d29995692735c82d228b63df1732030e",2860,2
"0xb16e53b24f65b472b58f561cf50624632105dbd2",2817,2
"0x2aa3032c58c211671c4ad21fe235e19115b8d8d2",2808,1
"0xd654e911fedd8dc700eec1652f00a915d26910df",2807,3
"0xa013072dd2f092656aa84c047bfded770ef2c09a",2748,2
"0x928712084f7e139ea7f84a6ecd7fbbdfc49e7ae2",2737,2
"0xd0eb97e08cfde8c177319e300dfe9cdb5823099c",2729,1
"0xd3cda913deb6f67967b99d67acdfa1712c293601",2720,2
"0x696dc02ce137f6690c83fa348290e59e70edff28",2717,2
"0xf4140ff8d756af6acbecc5d9e01aeb81ada2a987",2696,2
"0xf90b418e7d5d210ff1becb0a3e72b2d5e14f97b4",2692,2
"0xfda1745cddbf46cd9f75150baab492f7242051ed",2672,1
"0xffff46e05a09314daae9176fc32dba0f4172dcdb",2658,2
"0x04b12ce6512cce5827e964b00e34e6ad2b9ac852",2630,2
"0xecf2766521595090f17063b649ba54d46582ea73",2622,2
"0x97eb98bcb43dc68207945da10c0f315311dc0c74",2605,1
"0x3389fde61eaea6e406a935bfabb50ceedbfcbf47",2585,2
"0xa6e65097aba1f168b03ded70a4643303a7278780",2584,1
"0x7fafc11677649db6abfec127b4b776d585520ae1",2580,4
"0xfa33a58fee425d5197780f8d2872fb5d30711834",2570,1
"0xcaa56880c09e1ebba244cf70e2d7168e09d71559",2569,2
"0xe33b4e4fa71524ce82ea17a6f2df53ac2c9a160b",2564,2
"0x90066ba62b841267c2810077b5d17527eefa4b00",2547,2
"0xe850da3d22061243e738fa07e20415e4b481257c",2527,2
"0xa394a1094ec7dbe8bc1bee8b4daddbf1a46c7391",2523,1
"0xc24e0894dda126e0a80d56b0c3870fbcd45e1143",2520,2
"0xadf210545b646fe6e8c88f6fea012b15d825daa8",2518,3
"0x511b3aac89899fdbe4b257802f5c1ce07b1e0db6",2514,2
"0x78931c77e417244f283f09eb116a9b98ce57cb4f",2507,2
"0xd89dd79d1a1bd26cf19e5887f8081884ad144990",2505,2
"0x7d7cce661559e9b123415f30df4a2e631e133126",2503,3
"0x19d4f5633ca57127527eb815a7f37b614d197f49",2475,1
"0x000000000161ae794c98f550576edad76b04e58b",2455,2
"0xdead29f8b16e288c18110b460f59f24d502f4007",2448,3
"0x43e258876dccd6f1ef426380479b3d36b9d597bb",2446,2
"0xc4ffcd0b33f0db31be9094d91c09e9a033182a41",2418,1
"0xf964401fe77f6341e871708260e1b223c414943e",2413,2
"0xcb733f075ae67a83a9c5f38a0864596e338a0106",2402,2
"0xf740b814e9f399325be082df901e9222ab73f247",2396,2
"0x4570ff6a0c2966c61ad16fd01439270d8c0605f1",2379,2
"0x3d133759dfebaccbb2252df6a423fbf152ed48f4",2378,2
"0x750abe0b337a14bb3448f8e40c4bca6741720059",2371,2
"0x88516b29ce9e92c7ac5025fb355ee5a76b8140f2",2357,2
"0xc2b8605aa807f508bee9f6c308192150e39f6990",2355,2
"0x0025b6528b858db284761cd41be356f579fdc7cd",2347,2
"0x00d04afd887256911c04ba4ad8a0b222db98118c",2345,2
"0xaa9fa73dfe17ecaa2c89b39f0bb2779613c5fc3b",2344,1
"0x7f2f933ee22b802935449911fc8c7f35fb00409c",2336,3
"0x43d11d9906e9084959a21a9b99f60c163947929d",2323,2
"0x23ccb865ac268927ccb36de108bf2a10fd69c0d3",2313,1
"0x0e5081e4b04b93e42164d348dffff39b3816da88",2312,2
"0x737023d996d787d58d02fe74a7ab7df7e5571998",2304,2
"0x070cbef6414f8f0070a98051658bef840bcd86de",2292,2
"0x77f9f371db3f1779384f0e0936241599e27f3583",2281,2
"0x94ddd5e97de3a659a1b10e2845857edb01883619",2259,3
"0xbd9760306904a1e7290f0fdac8047f855a864c85",2255,2
"0xb947f5cc3772d10bc6349cfb7ab6d2c1fc0a3353",2250,2
"0xe87343ed0a37edbc016de6a62cbd85e4150526a9",2230,2
"0xa31d555b08faa0701cb0a8b2a334f7fc629984cf",2230,3
"0xc633fdadd08048bb8dc4dfbf584fbf8f94e67a42",2229,1
"0x6efba8fb2ac5b6730729a972ec224426a287c3ad",2226,2
"0xffffab07392dbd555c8d46429fe14018ec71a5a3",2219,2
"0x1304f1b9e8eb2c328b564e7fad2c8402a5954572",2216,2
"0x0296bd505eb58582b71aa33fdb109a20bf6026e5",2211,2
"0x7799c5dfcb16f9ec871cfa4999d9487ba7f2fe18",2209,2
"0xbbd8fe4e15e91eb34868eff1e8112b718fa6e764",2204,2
"0x3a8713065e4daa9603b91ef35d6a8336ef7b26c6",2200,2
"0x6e12a28086548b11dfcc20c75440e0b3c10721f5",2200,3
"0xa0e91da1ca0521e42d520234bdfbc4961e5906ca",2199,2
"0x2a47251dd0dc26ac4857f2fa2ac1c3dbc05a31ab",2190,2
"0x632cb58702233a05223ea4ee5d1dcd3deede8699",2184,2
"0xe25fb13e178d59b24aa8793cebe3af929617266d",2176,1
"0xb0f371014e3ce0ad3b42f98e0db2376df1b64cb1",2138,2
"0xed456e05caab11d66c4c797dd6c1d6f9a7f352b5",2132,6
"0x28c5a66e3682c5c52bc2d11fef3034b7cb73da8b",2124,2
"0x4c1c78a66a3f5c0e4d1dacaee0608816fca0c461",2120,2
"0xff0cf636ab1d7bacb58333e68f8388d69fb10915",2101,2
"0x7878c51f8caa455c327bf7f1b337b364a5cbcf79",2100,2
"0xb8a011962de2dc509f3f43f3086df5c3860425cc",2090,2
"0x9a0c66926ae19246d312c3be6af6eef1ede9d26e",2085,2
"0x69a71496073e798ebcaa01b2d2338755b5d2f034",2078,2
"0x0000d7da854d6bbb63b3eb0b05692dee5feac53e",2072,2
"0x0bf8422f0a124e664f4ac2ec42cfe50afe8b8906",2064,2
"0x3d1e0e06a30bf890c45ed5ff4f42d31792eef332",2050,2
"0x9cc33235665fb6e56d00afafd4b07d66a2e831c2",2043,2
"0xdead9824214b40e672e9058cab9248faabaaccb4",2042,2
"0x6104e1c571c5095e04e8c26efca0dd07ce8fcebc",2040,3
"0xe53fa455115b88c32a4fbf09b221dfc0f1b203bc",2036,1
"0xbcd459668ffb65e05c9813fc9e781d8e53a4dcf1",2032,2
"0x29bd2258485da9f4224a99c512e14d4f64d81a50",2024,1
"0xa686bbf15c0a8958fb80cc91caf649866979d733",2022,2
"0x40525ac2fe3befe27a4e73757178d4accfef71da",2021,1
"0x2fedb9bfa39f01918dfa53b9ab17bb56d1e8a56f",2008,4
"0x024dcf4b1ca2fc4eeea8d603e2074c856a669e71",2002,2
"0xb5eebefb01d006aed68fc40f8092592b89be21b0",2000,1
"0xe01ed9e684de649bfec799cd79f6c27335c23cb9",1996,1
"0x6ce798bc8c8c93f3c312644dcbdd2ad6698622c5",1996,2
"0x6438b3b56ad6f4811bd25f8632b5e982a4653e7b",1994,2
"0x7191a185b43e4d55c53cec0f32670e3b2590bfbd",1984,2
"0x89d6739b62fe33769cc99e7d670a52cfb1374048",1980,2
"0x64a04e5356efb6b2a2a2ca553aee24231bc79b75",1972,1
"0x3743a2023f7dbca51a2aee50cd9480d68b4d172c",1950,2
"0x3352b7ed256c01c3608e2f6c5ea19d9a81567fb7",1944,2
"0x8c8b4c5caeaf1a6fb8308a6336932b3e3419704c",1937,2
"0x3f759889414427121907385e01d7d3633ba1f583",1925,1
"0xf11d358d6b05edf35a04de5acdbb5db5d38029aa",1918,2
"0x91dfd5a51e7c00604e8b2521e678dd8444ea56c9",1909,2
"0xd878955a1f59e318c8c768f3d4fa3d1a945d616b",1905,1
"0xf3862af14cbb4d9b781e41a3d4d74e7c2cdb73e2",1901,2
"0x4dcee5d5cbcd37cacb262290d40bec3bf61d07ec",1900,1
"0xd3f37e012c1975ea7d12a2bcf1f9730ee4bd3071",1896,1
"0x30dd12344ce6bb4596c37f68b507028fabfe2e0f",1892,2
"0xabf050a746b6f98cfb8978a94690524d0cda8bf6",1887,1
"0x528d077a33582cffb39e9d6f02fd590e4826d828",1883,2
"0x85e5ecf1dd4abbcf3bcdd4c7c838c30d5313e5bb",1877,2
"0xb5b7fd21ebe4ffede9e3f36d803d7b048aa90d9a",1857,2
"0x7dbb4e051206a82f8ee823d09f0be06ab3c686ea",1849,2
"0x1f39ace79e626f225dd0e4e2609aa6ceb9b1baa4",1849,2
"0xd3d18e2c81ad69fa79e2304bdb875be28eeee283",1848,2
"0x9c5a87452d4fac0cbd53bdca580b20a45526b3ab",1841,5
"0x498c0e93fb37cd477cf19575825f168e3ff1e2f9",1839,2
"0x32c31196fb19caacadc273058e73e634273c9e89",1838,2
"0x000000007d905ab8199381328c3fb0a75754b6af",1833,2
"0x80e87586fec8f49ee41a833c9edb898d3887ac63",1831,2
"0x249de01f2dcdf1b679c4efd88524ee93a01a1cdf",1830,3
"0x074a22538cfd27a0c2fe8f4f640cbb4b3f0b0444",1829,1
"0xcbe80c1faf915cde4c685b7116a68b47a25da326",1821,2
"0x83618760137d4fe6de529e5e7c966bc6d24ebec9",1818,2
"0xcd02676774085d8cbfa6c5dd938b644da81b68a9",1814,4
"0x8655af920c660c9a425993c2a17e74cc22de6e3c",1802,2
"0x9da45c3193f8a9cf3c738ebd62c958af3b92a9ce",1802,2
"0x86d3e06fabc091d036ad0747bf60054b86a808b2",1792,2
"0x2b6a9677bff6f6a6ecd8dfc095700a79d9b8c599",1791,2
"0xd6431a17cc6e6c1a30fe74ca95ca942349256982",1789,1
"0x00d7884a6e9b6892b1be3eeb9a42a32668a8ec5c",1784,1
"0xf16d68c08a05cd824fc026fec1191a3ee261c70a",1774,2
"0xca90d843288e35beeadfce14e5f906e3f1afc7cb",1774,2
"0x5defa9c83085c7f606ceb3b5f75fc107945ed7de",1766,3
"0x3a950de8fa7ab193c249fb79ac4f75075c5dd500",1765,2
"0xe04cabcb24e11620dd62bb99c396e76ceb578914",1763,4
"0x753aee3bca7eb9da4e9ef2909d725ec8759cb196",1763,1
"0x6464f30eb4ecef908489b238105c443e2a8ec397",1762,2
"0x5c76eb054b1b06a725be1715fbed9560ce5dba13",1762,2
"0x21c4d0ed094dd0bc463cf633277e1d3d8f9dd1db",1761,2
"0x48fb3fd6fd544edd262e6572c96d7c974b7424fd",1747,2
"0x614e188acbb597c2b2bf0cb39819975b05217c33",1745,2
"0x67c838cd6e0ad4487a279f8286ee8673968bd615",1740,1
"0x48cef95fd927fdd5b17fdcbf2af8e82f4c064077",1734,2
"0x3d64fb8a2ffd08c186e8060aa57c8011d8b999cc",1718,3
"0x5084eac7494814249e57882722d51bd0efca1459",1709,2
"0x8df2453ba91e705baa70120ca87da09a066cac08",1700,2
"0x01dd20fc1c72bdf357bd3c0ce2154d2c7464fe10",1683,2
"0xe8886a657132d42460193e814f689b8201dddcff",1681,3
"0x4f05774b4226ec3724da8603c2e0052bc1612d94",1672,2
"0xae5509c203f1bdd00dda5fc0261931ca79f06c50",1663,1
"0x74ef70357ef21bad2b45795679f2727c48d501ed",1657,3
"0x6d5c72b5b1fa91b472cb3e009c56630a4b8f6440",1654,2
"0xd4b33434cb36df9286ef5132fcfb8062c96ac56e",1652,2
"0xed8662be0e5eddd1015f1b0f46519a1f9c219a9b",1648,2
"0x5fcb9bd84773225311b6210b4e98d954f3e8ea3a",1640,2
"0x9f5c2ae82df9cf37297c5d2b7b6557317527444e",1627,2
"0xb82896f0344cf12f807384f02485daa74e4bf0c8",1624,2
"0xd8e8bf2fad7224f6d9e137acf7f90eb09534c96e",1614,2
"0x28c209278455e1353d5507a147b2424324d8bca0",1610,2
"0xd282faed385c2dbc53c3f85f57f9dfc2f5ecc839",1609,2
"0xbd997cd2513c5f031b889d968de071eeafe07130",1609,2
"0x2670caece15de7ae6a77af7aca55b14a766b7426",1598,2
"0xa7b69aa4335db9f779763dbbc24c98d9c6b60d4a",1591,1
"0x8b78c9b4faeb4cb7021c2fb9ca166ea281e251c2",1589,2
"0x6c976701179af1c89d10ea63957703326e0dc7c1",1588,2
"0x4f2420becf7b5690d7c091005e2b17481778c875",1585,3
"0xb28f3c831c676276288e4dd7230c6b67d8b35384",1585,2
"0x042871486974e2f01f32e215d5cee314f9368f04",1582,2
"0xc8cd1567acfabfcbecc76776cd92e0b95fb3a806",1570,2
"0x0b7056e2d9064f2ec8647f1ae556bacc06da6db4",1562,3
"0xcde29264d6d807d6fc4a151d7b037c98713f501a",1561,2
"0xddf5f4492685f9e7eb9ee9a10ca07634f13f8b17",1556,2
"0xa7eccdb9be08178f896c26b7bbd8c3d4e844d9ba",1549,2
"0x32dc12b8f205e22faa39de17da3c44335286761c",1548,3
"0x0f4a54da1c9cec76e2c444018704e3c15f3c0d6b",1547,2
"0x2e5f6430ea0b325f9d0033563f5e96a145b2ac01",1544,2
"0xbabe61887f1de2713c6f97e567623453d3c79f67",1540,3
"0x476b535cf58dbdb440fcd4e8bc21c847b70a5314",1540,2
"0xfba0014d3a9dbe8a0cda6affd3da7b541a1ec32f",1528,2
"0xb4e2ab3922c17bae24a704b9366b5f2d4c7bb67e",1524,2
"0xafe0e12d44486365e75708818dca5558d29bea7d",1523,2
"0xe53c07d063f4d9ab3d6687e887bf6ccdaca6f70a",1523,2
"0xb8f02248d53f7edfa38e79263e743e9390f81942",1519,2
"0x3e139a38613a77aecea25ac52f82515bcaba448f",1517,2
"0x69bdb276a17dd90f9d3a545944ccb20e593ae8e3",1513,2
"0x188b67c9c56262df3d3b0d07e389b24cc2c91e18",1513,1
"0x4b7fcc44f12b1f7a61d0e5f34521cf37e38e23e5",1513,2
"0x7a3bad6c4ae37b742d8766acf39e3eb32e646d55",1507,2
"0x20cee6b83dd27c197927fe069db6166fe23fc14d",1505,2
"0x0035397f9fa16a5e4a29609879016a74ad7593f3",1503,3
"0x2f68fd87c7b1d697033640932edaa69239914249",1502,2
"0xdcc70307519fb284ce247bf767e8c79eeb854127",1502,2
"0xf0c5cef39b17c213cfe090a46b8c7760ffb7928a",1496,1
"0xf6f5463bf02ff55bcd99e7c6a3ff8b3cd6ce75f9",1494,1
"0x8817d0ac22af95feddc8b000305f2a45f846c203",1488,2
"0xe1c2b035cb61c8938236a5ee95a0aea81fe83fef",1486,2
"0x6a05fc6615c4f2bc872901876744b81f2414f44f",1483,2
"0x820f92c1b3ad8e962e6c6d9d7caf2a550aec46fb",1482,2
"0x9224dc6f71426a82c558328ebc1471ba2c358762",1473,1
"0x109b5f1b1e4d79248523164c414f25efa4020d83",1471,2
"0xec1faad0ae9ad83279f99eed2cbff9f1c8dc4550",1468,2
"0x2d55b48cf76e32f9eb55557d5cc7693c81602067",1459,2
"0x73d28a3d5ff998d7b279c78c9f36924ee50bd436",1456,2
"0xe52349abc8043fa3a6271adf074aa29485465be8",1455,2
"0x187a34c86aa6378333ce9033aa34718d2ceded2c",1449,2
"0xfff2f7417be1a4e2ad1f26f538ad6f67d0fe11f2",1443,2
"0xa6d59fbbcab73425d9d1a44d3434cd26c206a8bb",1442,2
"0x6504aad8bdd40a73a54d65afeac146488db2e31e",1434,4
"0xaebbd80fd7dae979d965a3a5b09bbcd23eb40e5f",1425,3
"0xeb54f65775e6a2a42e243823d86486a64fd1f0d6",1424,2
"0x31653afca8f7cc3af2b3b999d29fd96c50976315",1422,2
"0x293b41d4cd5fb6a647d17a61500ce2cbe8bb069a",1420,1
"0x00c0ffee00e63a8fd51be60711302b6e3363c3bb",1418,3
"0x7c29378c480a409648cdf5d72b7277077aa04560",1417,2
"0x4355cfdb435d4b4db36c760190c148cfb0cf055a",1413,2
"0x700c3e3178835db0c308b83f1ae0c85b92e13288",1412,1
"0x071773352a1437f10f585612fe897d56a00378b8",1411,2
"0x00a01a63ea02825a1af87c9b806dd4b4a46902e5",1410,1
"0x76f3ad3d48f16f8c491a939d541047123040e78d",1402,2
"0x1ec85f6e620237726a47fba04c0d1736e0adc57c",1401,2
"0xc0a2c1edede669125f212cdbce367a6efd333933",1393,1
"0xf730fd689428bc4f16533bb3a76f140733e79caf",1388,2
"0xdb17e9b8259c7e4dac2cba5ed2f97e1e43ff2c64",1387,1
"0xe573b7d7e81e2ff645c27f6320e6942c0f781dd5",1387,2
"0x20da9f3d7d5cb96c2822338830cfd6dee6d508d8",1382,2
"0x662e8a83204998d9ce364623419d44e9fd924289",1381,2
"0x9c4ead9da49fc373abf6335b8bb2cd81bed600a3",1381,2
"0xe28564784a0f57554d8beec807e8609b40a97241",1377,2
"0xc37926f70a5cf2ea1ae00ee40f64f16979037cae",1377,2
"0xc0fcf8403e10b65f1d18f1b81b093004b1127275",1377,2
"0x154e47453e952de27fec61097da5a9e2eadb9c56",1375,3
"0x8a6a17f1a3da0f407a67bf8e076ed7f678d85f29",1373,2
"0xb090a53d9851acb7e6a55fb9afe3975901152233",1372,3
"0xea53cd52cf6ef382aeae34c80cc090d9a4fad9ff",1371,2
"0xa39117f2c9f5ff50cffe53a0821d87c5a550ee0c",1370,2
"0xeb8b207952322072bc5a4585e2fc09b06d573bd0",1363,1
"0x5f98556e511e09a29f560b1f37b08f304895ebf2",1360,2
"0xa871727452cc804916689c9b05d5d8e49acbfa36",1356,2
"0x9a14afa0de0f50d25014118b6e7f1879573077bb",1352,2
"0x8d5871ff4d58463711e96e036eb18f7b4ddcd754",1350,2
"0x2c8a146ed7c8f7e70049e43abc1874f0c145902f",1349,3
"0x8e35a0f0c5c8f9739704c4cba6b590ab08ded10d",1348,2
"0x083fc10ce7e97cafbae0fe332a9c4384c5f54e45",1345,3
"0x5a51d991d3d7deeef9570dafc881874311dbc9e5",1342,1
"0xd816fed7301e5d42dda78eb709d374412e550a01",1338,1
"0xf88b39c4c923ef9c38a7dbf54a0f4abb106eada5",1338,2
"0xce24dcfbe93c3562e6fc2b2c84ff1a5925b541e6",1335,2
"0x02a522d98ec2d2c3bbe91acc29ee7fd32ab880ab",1327,2
"0x954386cb43dd2f0f637710a10f6b2d0f86aacb97",1324,2
"0x7eeab4f134fcfa6fcaf3987d391f1d626f75f6e1",1323,2
"0x0099eb698a06ed9d4a7c7c1acfbbc8e2ac14caa8",1320,1
"0x5d5fb487fc5a9f8e0049bc41c1e1e011ec92281c",1320,2
"0x0b7918e20479ef0ad21a302e463dc7624bddc740",1315,3
"0x2ec117e1c0f5c09568746292ee5456e7a9beb98e",1311,2
"0x02b2bf7cf76490d87101f3d5c3c63ce751ebe762",1309,2
"0x459388caec19fdde3618b84909c7fec74043de55",1308,1
"0xb725e7a2dc00ce2767cf3ff56a9c4f52b37f8d04",1304,1
"0x4b3c6d4bdc93872e5063c549a0d817986e502005",1304,3
"0x2904d080a82795a8ee06ee736cebcca283dddb29",1304,2
"0x2bc1fed4c65c9b1dc2baaff2f3198acc42c41778",1302,3
"0x15f889d2469d1be0e0699632d8d448f2178a7afe",1301,1
"0xf7045a5d8b4503d3072676985243a2f7e1a613f5",1295,1
"0x2d407ddb06311396fe14d4b49da5f0471447d45c",1295,3
"0x0b916884d8c673a40c34bbb60e79ea17edf9d051",1294,1
"0x1d0519eed308bcd49e4ebc149284f83ebc275284",1294,3
"0x19ae329b4ca5b1003718c2cf249c5d6de025298a",1290,2
"0xb13d7dab5505512924cb8e1be970b849009d34da",1285,2
"0xfff545718b6f8f9a36d2935a32f7bd70bc3d3f85",1271,1
"0x9ce04b2e6d9d7c4ba1f4053a9888d660d83e4b7d",1271,2
"0x09e9ff67d9d5a25fa465db6f0bede5560581f8cb",1270,1
"0xee009faf00cf54c1b4387829af7a8dc5f0c8c8c5",1268,3
"0x1c0aa8ccd568d90d61659f060d1bfb1e6f855a20",1266,3
"0xdbc968cd2f65ba2ddfa5d90535a53156f2adc2e4",1261,2
"0xc4fba8a515e16940691afadca0cabcacfc46f3dd",1257,1
"0x60e2e1b2a317edfc870b6fc6886f69083fb2099a",1256,2
"0x55d1b050da860de8074ef7f421fd33f9c2060e3b",1253,2
"0x56a9212f7f495fadce1f27967bef5158199b36c7",1250,2
"0x4f29aa586dde1d90a4e9211053d62bb423739155",1250,2
"0x3b94b988ecd65060b35cc7782aa276e295b53517",1244,1
"0x86b3a1ce06a538557338ed9e81733e2d820d80ff",1241,1
"0x770d818df6edbbd9c6a7deadf2cc3b387dc89136",1239,1
"0xfda6df1e357389465c1f8140d1ab99a118d269a1",1237,1
"0x96d13cbeffe7bae169b9032fe69ed56eb07b300f",1236,2
"0x4058d333d1327968d04f401a3c037e9df799076c",1227,2
"0x21ef24ffb2116f44e7918a80cea4f52a2ea72b17",1225,1
"0x11799622f4d98a24514011e8527b969f7488ef47",1216,2
"0x769bf0bc0913d477e6712891486f8a760c3b7444",1210,2
"0x3c63d087ad7de996221c57fe4e55dfcee182ae27",1207,2
"0x3527a204a5260a0e36ca695312379370328e4e6c",1205,2
"0x508af7d60430dd2ef94e289206b5008902a3ec3f",1204,3
"0x154958f97113de974514a2132738e6494d0edde4",1201,2
"0x825d5d0df3b2d59f69cc673f041ca91a296b8183",1200,2
"0x60a59d7003345843be285c15c7c78b62b61e0d7c",1197,2
"0x1247f4e8334c08da75037ce9e60ef1a71dd43c91",1197,3
"0x001182890a094820eb9d4401693ba0b9554f0f66",1195,3
"0xec72f2012860280050dcc027b7eb6a182686c271",1191,2
"0xcbe9f7b7b452f116118f72bff89b1bc269c7dda0",1189,1
"0xdb4376a5c6146a298f0727acd5b486b5ea2f89b3",1188,2
"0x795785861f6c1d394210974f9ef8aff22b35441c",1188,2
"0x9fc05b2dae3a22ac99a1bcc4328311da09090fb4",1188,1
"0x1a5309f208f161a393e8b5a253de8ab894a67188",1185,2
"0x94c4c463960082abed5430554e3698a19e3c9f6f",1185,1
"0x0482258f78dc949bf98cc6b759daf69ea08ab6ba",1185,2
"0x7b3260c80067ea6ee4fbebe077f91037202187d8",1184,2
"0x65a955028094245f6ae29b45463cb16cfef8460f",1181,2
"0x497389bd412e70a29e76f3c68c31ef4f974d7881",1180,1
"0x20eca8049fd40260442f2b784f2a4e7bb06c51cd",1179,2
"0x9601adb9f4b8a7bc91edbc3a565e9e898bebe1b4",1178,2
"0xace624812a8e2d8ff0112784bbb3de26355b0a3b",1175,2
"0xf00dd244228f51547f0563e60bca65a30fbf5f7f",1172,2
"0x0abc89d8174f98399ebe3b547205e73b3259346f",1170,2
"0x7f14e5a47436d2cb832d53bf589278ddcb23bcd4",1169,2
"0x64c3f808cac2ac6f0c8790cd0a003148c5dd1c1b",1168,2
"0xd5ce1ef6c88466caec8e6cc809f8cf27e9f135d6",1163,2
"0xf2a180a29e523dd74874156f13d9edba2ee42d3b",1162,2
"0xc7d0445ac2947760b3dd388b8586adf079972bf3",1159,2
"0xadce036bb07aa777b545ed7d222639a57a78a898",1158,2
"0x9b0a078a5a8d5f96a810c73e7ed5b63c93729d16",1156,1
"0x240532ced6e6f8cf5393c15b6cf365f36e280db0",1139,1
"0x820fd3a13bacbfc70d0fa974a7f83123830887bc",1136,2
"0x29f446298d7129c699e9f4dc0ab6a25b849e1158",1136,2
"0x8601a07385fbd135627373e9938d6b0fd92aeee1",1131,2
"0x2f547b927f8149a449ccdf17c692b153c91502bc",1130,1
"0x99f1d0badce3baa6f49d25baffde602661a8b2b3",1128,1
"0xc48dd4a0fe25349c8a1e0a7558d0b489e7a3d599",1126,2
"0x1e1fedbeb8ce004a03569a3ff03a1317a6515cf1",1124,2
"0xb6338ac98e920bde969db65d0fd7f3a0b3d08027",1121,2
"0xb8d175f16742395f530e0b3bc1d30bd06b78cda9",1116,2
"0x1fa0e1dfa88b371fcedf6225b3d8ad4e3bacef0e",1112,1
"0x3aeb5831f91d29b3992d659821a7fed7b805a107",1111,2
"0x1489d7a0194ae0640525a60ab28b629f7babeeb1",1108,1
"0x42d0ba3e0c95952819b6ecbce38856b232f196db",1107,3
"0x00e676bfcb59245254b4853aacf13e096dbbd1ad",1107,1
"0xc87ac22d0c529464662e19eb5f5e95486837f499",1101,1
"0xbf293d5138a2a1ba407b43672643434c43827179",1100,2
"0xb1dcbf8159abd08d01cf0849881cade7cb0fb6e2",1100,3
"0x32746c2d85c2e5a936c2431a0e76979aa0aa46a8",1099,3
"0xed059bc543141c8c93031d545079b3da0233b27f",1097,2
"0x9a5c406a5f8eae1b114a01ae41dbdd9d44ffb449",1096,2
"0x550ff13d6a84ea05295f9e9955d1744b6371244d",1091,2
"0xb5cd32f5132beacea0e2af5c0742916475096a50",1091,2
"0x69d5f21d1588ebebf7622fcbd71958c193150903",1090,1
"0x3ea006418d140081d6876a869148b9a238599d90",1087,2
"0x61216da74b5366879be50c997ea7a5e8033f7026",1084,2
"0xa308de214e01c365834e3344c1088b0d2b97559c",1079,2
"0x7078c3b8e7ec16321c88cb474cffc1b754517cd5",1078,1
"0x243eac06a13b3d83d0310fa320dd9df16147b08b",1077,4
"0xa5b0b07e68ebf69d6659ec5c78da616b6b2573b0",1076,5
"0xb18da5a99773318d414dd9648877a313f45e942f",1075,1
"0xcafb710214572f3cd8948eb7d7127888bc1e02ea",1075,2
"0xc6d528748da994e1601267141a77f639ac0d4ace",1073,2
"0x11f11121df7256c40339393b0fb045321022ce44",1073,4
"0x554282cf65b42fc8fddc6041eb24ce5e8a0632ad",1070,4
"0x1234d1deb41c444b75d3ca82a5c718af20f2a7f4",1069,2
"0x9b0794284089339a6392beb1c74384d07b52a2fa",1069,2
"0x9a8f92a830a5cb89a3816e3d267cb7791c16b04d",1067,3
"0x5723759d679662cf931d686f129e3296d9545190",1065,2
"0x2ca860ad6b4d2c79a88fb5b1628810f2bf487287",1065,2
"0xe89e3e8fb044d52f08c354f772665a7014d6502d",1065,2
"0x879ea77027fbddcb039d6a07cec17b9497871cf0",1059,2
"0x1d819a2c6f3ce141012b3087c5324cba2d0e12d8",1059,2
"0x3ff047e5e803e20f5ef55ea1029adb89618047db",1059,2
"0x8965a64e9a26dc85da0fb613cbfc23174ff024cf",1058,2
"0x734a784f0f55df2298acd6c574be2632b926cb43",1058,2
"0xc6093fd9cc143f9f058938868b2df2daf9a91d28",1049,3
"0x557fa19371f9786704e9767f25839047da1602c7",1046,2
"0x09c8b5b26c68544a740184b97eb7f4dc51e852fa",1041,2
"0xfd4c0f5848642fc2041c003cb684fc66b16217bc",1033,2
"0xd3d0ed428045139e9ba63a6f952b8bce18879bac",1033,1
"0x46037084ace85439332b49aeee8ac5c9f2a3d271",1033,2
"0xe1836a09664cdee0356505d0bf05d456051b1768",1031,1
"0x984c056659fb334a446f6559f22fcfb72d4f9dd0",1031,2
"0x6bdd9cc800f0be81db2c201f9960f804c880c99f",1031,2
"0x1fccc097db89a86bfc474a1028f93958295b1fb7",1030,2
"0x3e61fa24520c2754593b4544acb936bc786206ec",1026,2
"0x7d0a7b318322573aaeccf72976f2f281179d0f4c",1024,1
"0xdfa058afc0dbf463c26afc291ec398dbd817fa6b",1022,2
"0x92c5d6898abbd58e388aa94c816d4d17387a8859",1022,1
"0xa1681dc4566def8c3cf5171be5b589c804d3b4a6",1021,2
"0x005f3f092685c2916e6bc526158805bc5e720afd",1021,2
"0xb8559af91377e5bab052a4e9a5088cb65a9a4d63",1018,2
"0x6db3b32bd7cd9cd06ec23a9ba11393c8de0425c6",1016,2
"0x61d0832b0e78b063942708754f6a056216cdcfd6",1014,2
"0x075aad0b1b7647ac30458cd59599de344bc10d15",1013,2
"0x83653a2ff80851f50cff3ab2ec07002613a5abd4",1013,2
"0xcaa8175b57ab028c38359aec26ef9b2696ec91b4",1012,1
"0xedcd7190e77e1d8f373ed636fccfca436da7f18b",1010,1
"0xfce7e447f25a5e25d012b1c3edb6f81508227e11",1008,1
"0x9a7c0eb053106356061076982b166ea744dfb8ff",1007,1
"0xe17bff89074d33b2c69a1796fda4254b08b913ed",1006,2
"0x83e9c9cbd2d84c843c1a186904a00cea22d3c20f",1004,1
"0x8e90283795268214e5cad284e63e358b2548d85c",1004,1
"0x3bda94869e4fe74801b50ccd5473f5cf07197790",1003,2
"0x9c642524472f20e50c99e3f0de68926367eb072b",1002,2
"0x03db58f0e9864d9d59f324bfca80a10465a49bea",998,1
"0x28996f7dece7e058ebfc56dfa9371825fbfa515a",994,1
"0x3898d7580aa5b8ad8a56fcd7f7af690e97112419",994,1
"0x02f9a36479eeaffdb9d56931ca0ed3ca689c2b5d",985,1
"0xd96f927393c0bf30201b974e0268b6afdd372cb6",983,2
"0xff4012fc0e6683bc56bf0697671ca5054a15a333",981,2
"0xbbc65012ffdbd902c9a80d652b8c1478f1880a0d",980,2
"0x0734d56da60852a03e2aafae8a36ffd8c12b32f1",979,6
"0x26f7f30742520b1e2eb4866ad24b5de3cc5e6b56",972,2
"0x7eeac6cddbd1d0b8af061742d41877d7f707289a",970,2
"0x257767e2abf6662ffe475a87d77375c3c929dfe0",969,2
"0xbd01f3494ff4f5b6aca5689cc6220e68d684f146",959,2
"0x15356e7e056f5c166e3f2927cbaa856c4d401c5f",959,2
"0x0fbc8723033750e9db6e62e83b6492052ec1a5d8",957,2
"0x1c0b02320233604c904d80acb42dd417d812f5e6",956,2
"0x4a4c35280bc7e7f426453db48e5faf66f47398b6",955,2
"0xb9e6ef6fdb106bc8e1a001b9d7e8feaf8bebbc36",955,3
"0xa8863bf1c8933f649e7b03eb72109e5e187505ea",954,2
"0xa8f475fdad350ad35b74da4df449ce958fe43abd",951,2
"0xf7c7b36fa22923fe61c48a4aea96e18fd246c6d7",950,2
"0xaaf54464e17c9d1e7059ec51a624c08ebc371a34",949,1
"0x588ede4403df0082c5ab245b35f0f79eb2d8033a",949,2
"0xec7c20aecf61627f52d5dfccaa27d74982d63671",948,1
"0x5a5d0ad85762979caae341274f0eba22df8ecedd",948,2
"0xa82cbe54d2dae403f7b3385aa2afa03e7af0591a",946,2
"0xdb684bb01fb661ffa92b3217478742a7f30f0126",945,1
"0x583d03451406d179182efc742a1d811a9e34c36b",942,2
"0x2962efd953f15e026a8caa7d5da5b29a26529221",941,2
"0x73227608e71b5da9ca28ef22c1ff4897609b6335",938,2
"0x6db830e328e6607e75eb8d73b7a2e9f2c80e0cda",938,2
"0x8108b615e52fed368b93e5487d4d49730818248c",937,2
"0x52a16a4d8d18b48edca85306858923d542ed6e44",934,2
"0x2fa2bc2ce6a4f92952921a4caa46b3727d24a1ec",933,1
"0x8a0f000631a58149f71a61f278a9d974fe4422b8",928,3
"0xd302083b5729ba9c2e86c506efde799d8182d2df",927,3
"0x101abf65bea7d6f19e7e539967424e6e90b7bdb7",924,2
"0x676fda249d799d771bd69caae3309031aac466bc",922,2
"0x90f7d1f4a2197a75758d84d7aa83bf0e55ae15fd",921,2
"0xe35243dca592ac3e6def69e70211026a37524c78",914,1
"0xadbd636a9ff51f2ab6999833aab784f2c1efa6f1",912,4
"0x748beae31e17dd01405de3239a6895fe39dc78cb",907,2
"0x64098c9a6ba2e0e00da0c6ed28c56ec26280af20",906,2
"0xcd382b9e90189fc6281f822f5ce8593117e57146",900,1
"0x0ae3f81a67725a8a7758feb8684c6c17da20755d",900,1
"0x0025972c92792568999ced58bd0e8398daabeb21",897,1
"0x6422f6a656aa64b208c1d0b7e21f2be47e3b8b0e",897,2
"0xf5bced016d11301c1029db34fa715ee294ed4f5d",895,1
"0xf983798d3903f190a4e7137bbd7fbea97006c6a3",894,2
"0x4f53139eddcdf43e6aeb77cad42da28af93fa8c3",891,2
"0xabaabc27dc432a3f2ae4066a1d3c87f7afc192fd",887,3
"0x233e08153f984782e8ce4c82c53a3a41918552bc",885,2
"0xea694f44db81d436ddb3837830363f6e3932c68a",884,2
"0x6054be659c8dc589fceed6a5ce1ef4a7a32303e3",884,2
"0x6795cf8eb25585eadc356ae32ac6641016c550f2",881,1
"0xe970d00a9dc64d486ba8138314f548a2726d881d",879,1
"0x6949a18faf856cc68b8a93e4859aac9f03cfb9ee",874,1
"0x0a71d875abecefb91333f0b13a4d903c7d526183",872,2
"0x93a7c46443901c2ea2fc1263a4d076f470695d3a",871,2
"0x6969b5d5bd910aaaf2b153fc3e2231b81d5d928a",869,2
"0xabfa408d627e03de7648b1464bcefba353b7595a",867,1
"0x0e24d7922c5bff4e150eea6833c5407e3f13cef3",866,2
"0x7034fe2e3985e44a280f398590ae31946149f89d",865,2
"0x2b3b2f07030931ec9b7c31ed080f57759de02da2",865,1
"0xe02fa196497a6994d9ce0ffaffa2d1293f43b598",863,2
"0x794144943eb3a88b987c17d1b402853bfc99ab10",853,3
"0x91158577de85f739cc45274cc48bc2e60c0f77cd",852,2
"0x47144372eb383466d18fc91db9cd0396aa6c87a4",852,3
"0x566c8a3ae6d6c9e0f4fb3d7e8c2ec1403ca8b109",850,2
"0xcbf4c64293a5da2a5391f7ea1b446087132d3968",846,2
"0x45064e294de7b09aa180d0e1284788a21a268db8",846,1
"0xdea9196dcdd2173d6e369c2acc0facc83fd9346a",845,2
"0x8cf75d9d5da5c38237bb46b0fa238abce8390540",844,2
"0x2853cac75d9b4f3f40e01da672d8d235025bbcb4",842,2
"0xfc502afffef06c6725f2d84db6eb2b256623629a",841,1
"0x74f85fe5538dbfcf3b46399e121c3ba83f695f91",838,2
"0xa814ebfd69109fe77b05aa95c3e888b45170853a",838,2
"0xe74ad5437c6cfb0ccd6badda1f6b57b6e542e75e",838,2
"0x21ec253c9186065f05fb3f541085a185f96a16ee",838,2
"0x8fa9aa69a6e94c1cd49fbf214c833b2911d02553",838,3
"0xad031eee55f595df6dbd61e9ef3b908fad1b3671",835,2
"0xa31f5bd5cc1e975a3791015237951f9d6073c42e",834,3
"0xeaff92bc4f35461fa747d14e07bb0380f422c0cb",834,2
"0x54859965f8fc71367ad754f2e13d84a2fe9896ea",832,1
"0xd83be4d4bd503515d4634ea95ab409126a63d60c",831,2
"0x439f8a95491a779990fa885fa90232d02ef0313c",831,3
"0x1d1c9f70a68c129096d8181529041843e8bc1a30",829,2
"0x6f2f583f802297f7d0b5dfa94977fb200ab4f273",829,2
"0x1b9228355c1f04dc816436121622c1969dcf3e4a",827,1
"0xa21510c3924c8c332a534af9eb39bbfe86a5ebea",824,2
"0x2455f0d4060931493de4da71f599bd689ef86e23",824,2
"0x1ff1db6a9ee9df4c7fa1e7d91dfa5db0229ed3ee",823,4
"0x2de6ee4f67e7a9fc15409a2b5395f16652d3ee11",819,1
"0xc25564a20fe3e2a7b7dcf4d6e5568d105fe3d6d2",817,2
"0x59fad9782d372de46b489965466065cb7db9cf04",816,1
"0xd73b31b9608bade872d9a35c431f30ea7d75e13d",815,2
"0x2d32f31a058602c96e6120c6f037cc8be4f356b2",813,2
"0x0cdb34e6a4d635142bb92fe403d38f636bbb77b8",812,2
"0x036f0293412ea3f8e51ef3d6010604bbd81580f6",811,2
"0x109e71c916e991eee7cb01df5502887dc8ca6850",810,2
"0xdf1bc6498338135de5ffdbcb98817d81e2665912",809,2
"0xcdbd4b30b4c86f1e7766de728bcd819859f53c1f",808,2
"0xaa5a776bc422f1ce8e9a4548d9560223e462c922",808,2
"0x7a9e49dacfb35977762b9259df1dc8880471f898",802,2
"0x000fb8369677b3065de5821a86bc9551d5e5eab9",801,2
"0x3d4c889bf59c1d143d488f2533b769bfd1b438fd",800,2
"0xb92dd2a8786f1014979af48be9765f4c6a891f02",797,2
"0x735854c506cceb0b95c949d1acb705b31136d487",796,2
"0x51054b8378df6c7bef45f39a86c94ae0302da9ac",793,2
"0x04a407fe75491a8d88d6ee55edd60509cdc46f78",790,2
"0xd5eafe3b55ef086f9c422d2091b8fc1ddad0a0ab",789,4
"0x6492bbcf6c4f0ace5655d002c09bea1987591c99",787,1
"0x28c3ed8efc7bc1b5064e4375d786acbe10570145",787,2
"0x11ec78492d53c9276dd7a184b1dbfb34e50b710d",786,2
"0x7e4a8391c728fed9069b2962699ab416628b19fa",785,2
"0xe86375704cdb8491a5ed82d90dcece02ee0ac25f",785,6
"0x2bb6b30794f9d23a0f27489685f732f802bb5812",785,2