"from_address","to_address"
"0x1f98431c8ad98523631ae4a59f267346ea31f984","0x4e68ccd3e89f51c3074ca5072bbac773960dfa36"
"0x1f98431c8ad98523631ae4a59f267346ea31f984","0x2f62f2b4c5fcd7570a709dec05d68ea19c82a9ec"
"0x1f98431c8ad98523631ae4a59f267346ea31f984","0xc7bbec68d12a0d1830360f8ec58fa599ba1b0e9b"
"0x1f98431c8ad98523631ae4a59f267346ea31f984","0x88e6a0c2ddd26feeb64f039a2c41296fcb3f5640"
"0x1f98431c8ad98523631ae4a59f267346ea31f984","0x11b815efb8f581194ae79006d24e0d814b7697f6"
"0x1f98431c8ad98523631ae4a59f267346ea31f984","0xcbcdf9626bc03e24f779434178a73a0b4bad62ed"
"0x5c69bee701ef814a2b6a3edd4b1652cb9cc5aa6f","0x0d4a11d5eeaac28ec3f61d100daf4d40471f1852"
"0x1f98431c8ad98523631ae4a59f267346ea31f984","0xe72377ae353edc1d07f6c0be34969a481d030d19"
"0x5c69bee701ef814a2b6a3edd4b1652cb9cc5aa6f","0x51b452e851814d9523ef7f1539804254ceb394a5"
"0x5c69bee701ef814a2b6a3edd4b1652cb9cc5aa6f","0xbbfd0b747ae88588750fa2e0832a833120dc969c"
"0x1f98431c8ad98523631ae4a59f267346ea31f984","0x7337d6bb0df1e4f55380cb4c9e34c7b95780b90c"
"0x5c69bee701ef814a2b6a3edd4b1652cb9cc5aa6f","0x9cbfb60a09a9a33a10312da0f39977cbdb7fde23"
"0x1f98431c8ad98523631ae4a59f267346ea31f984","0x9328b7b9a935c8a9eb958468786faeb119649f6e"
"0x1f98431c8ad98523631ae4a59f267346ea31f984","0x92741be6adcb2722681925afce9af0a7306ce90f"
"0x1f98431c8ad98523631ae4a59f267346ea31f984","0x5ee84bed805df225ee23aec4160cc0bfcf1bd892"
"0x1f98431c8ad98523631ae4a59f267346ea31f984","0x510b6665004a9393d56868461b93ba8134e04478"
"0x5c69bee701ef814a2b6a3edd4b1652cb9cc5aa6f","0xd69888d75742e2e8242d689f0b34d9bc7aabedd1"
"0x5c69bee701ef814a2b6a3edd4b1652cb9cc5aa6f","0xa478c2975ab1ea89e8196811f51a7b7ade33eb11"
"0x5c69bee701ef814a2b6a3edd4b1652cb9cc5aa6f","0x4d77a5c57c1388e8c419da8848fc29a0ffe137bf"
"0x5c69bee701ef814a2b6a3edd4b1652cb9cc5aa6f","0x3c767680146369cdff84d834fd07048684339131"
"0x5c69bee701ef814a2b6a3edd4b1652cb9cc5aa6f","0xf45e450f6fd418db247d33441c66084e222bb59b"
"0x5c69bee701ef814a2b6a3edd4b1652cb9cc5aa6f","0x8d8da72161da2d800ebdd2a316214eac7c32fca0"
"0x1f98431c8ad98523631ae4a59f267346ea31f984","0x60594a405d53811d3bc4766596efd80fd545a270"
"0x5c69bee701ef814a2b6a3edd4b1652cb9cc5aa6f","0xd3d2e2692501a5c9ca623199d38826e513033a17"
"0x1f98431c8ad98523631ae4a59f267346ea31f984","0xa6cc3c2531fdaa6ae1a3ca84c2855806728693e8"
"0x5c69bee701ef814a2b6a3edd4b1652cb9cc5aa6f","0xabb1cf0b8d9de8c10225157b31413de4c2751050"
"0x1f98431c8ad98523631ae4a59f267346ea31f984","0x0907d297b1d717e2c72e0c1f5efa2e1acea5e7ed"
"0x1f98431c8ad98523631ae4a59f267346ea31f984","0xc1de0e023d1efe8e8df9d64508f8f4190562aa6f"
"0x1f98431c8ad98523631ae4a59f267346ea31f984","0x19fe9857bb3652e9007f2347a1f877ffa9215f7f"
"0x1f98431c8ad98523631ae4a59f267346ea31f984","0x90205cbe0fd139b6804a3a452d2e1bee96404fb3"
"0x1f98431c8ad98523631ae4a59f267346ea31f984","0xefd69f1ff464ed673dab856c5b9bca4d2847a74f"
"0x1f98431c8ad98523631ae4a59f267346ea31f984","0xb3a1ef17d9a6719305c09661b369eff877cfa826"
"0x5c69bee701ef814a2b6a3edd4b1652cb9cc5aa6f","0x83851e67af163a1de6868d0b7e96d97528146c09"
"0x5c69bee701ef814a2b6a3edd4b1652cb9cc5aa6f","0x31fbfc6aa7f13f7a81e4df9f54eb4a1bb879bb98"
"0x1f98431c8ad98523631ae4a59f267346ea31f984","0xd4b4f6aceda96294bf52f126acadfb3190676ae5"
"0x5c69bee701ef814a2b6a3edd4b1652cb9cc5aa6f","0xb4e16d0168e52d35cacd2c6185b44281ec28c9dc"
"0x1f98431c8ad98523631ae4a59f267346ea31f984","0x11950d141ecb863f01007add7d1a342041227b58"
"0x5c69bee701ef814a2b6a3edd4b1652cb9cc5aa6f","0x811beed0119b4afce20d2583eb608c6f7af1954f"
"0x1f98431c8ad98523631ae4a59f267346ea31f984","0x8fe199d58ebbec1c9c8dc45c9961ce3ac33e939c"
"0x1f98431c8ad98523631ae4a59f267346ea31f984","0xe1903edc010d0e55f9eb7b250246da3b6e0192bd"
"0x1f98431c8ad98523631ae4a59f267346ea31f984","0x01a8227d4e7c3068ad1000c97a059af5c5fa3476"
"0x1f98431c8ad98523631ae4a59f267346ea31f984","0x8ad599c3a0ff1de082011efddc58f1908eb6e6d8"
"0x5C69bEe701ef814a2B6a3EDD4B1652CB9cc5aA6f","0xbb2b8038a1640196fbe3e38816f3e67cba72d940"
"","0x000000fee13a103a10d593b9ae06b3e05f2e7e1c"