"from_address","to_address","call_count"
"0x000000000004444c5dc75cb358380d2e3de08a90","0xa0b86991c6218b36c1d19d4a2e9eb0ce3606eb48",418896
"0x000000000004444c5dc75cb358380d2e3de08a90","0x0d0e364aa7852291883c162b22d6d81f6355428f",373354
"0x000000000004444c5dc75cb358380d2e3de08a90","0xdac17f958d2ee523a2206206994597c13d831ec7",304667
"0x000000000004444c5dc75cb358380d2e3de08a90","0x66a9893cc07d91d95644aedd05d03f95e1dba8af",264511
"0x000000000004444c5dc75cb358380d2e3de08a90","0x2260fac5e5542a773aa44fbcfedf7c193bc2c599",76962
"0x000000000022d473030f116ddee9f6b43ac78ba3","0xdac17f958d2ee523a2206206994597c13d831ec7",2174925
"0x000000000022d473030f116ddee9f6b43ac78ba3","0xa0b86991c6218b36c1d19d4a2e9eb0ce3606eb48",1942828
"0x000000000022d473030f116ddee9f6b43ac78ba3","0xc02aaa39b223fe8d0a0e5c4f27ead9083c756cc2",1124113
"0x000000000022d473030f116ddee9f6b43ac78ba3","0x6982508145454ce325ddbe47a25d4ec3d2311933",411845
"0x000000000022d473030f116ddee9f6b43ac78ba3","0xb02f39e382c90160eb816de5e0e428ac771d77b5",163044
"0x00000011f84b9aa48e5f8aa8b9897600006289be","0x000000000022d473030f116ddee9f6b43ac78ba3",551498
"0x00000011f84b9aa48e5f8aa8b9897600006289be","0x000000fee13a103a10d593b9ae06b3e05f2e7e1c",259234
"0x00000011f84b9aa48e5f8aa8b9897600006289be","0xa0b86991c6218b36c1d19d4a2e9eb0ce3606eb48",165319
"0x00000011f84b9aa48e5f8aa8b9897600006289be","0xdac17f958d2ee523a2206206994597c13d831ec7",114007
"0x00000011f84b9aa48e5f8aa8b9897600006289be","0xfbeedcfe378866dab6abbafd8b2986f5c1768737",93314
"0x090d4613473dee047c3f2706764f49e0821d256e","0x1f9840a85d5af5bf1d1762f925bdaddc4201f984",221365
"0x1a9c8182c09f50c8318d769245bea52c32be35bc","0x1f9840a85d5af5bf1d1762f925bdaddc4201f984",30
"0x1a9c8182c09f50c8318d769245bea52c32be35bc","0x4976fb03c32e5b8cfe2b6ccb31c09ba78ebaba41",27
"0x1a9c8182c09f50c8318d769245bea52c32be35bc","0x4dbd4fc535ac27206064b68ffcf827b0a60bab3f",7
"0x1a9c8182c09f50c8318d769245bea52c32be35bc","0x00000000000c2e074ec69a0dfb2997ba6c7d2e1e",6
"0x1a9c8182c09f50c8318d769245bea52c32be35bc","0x7c8406384f7a5c147a6add16407803be146147e4",3
"0x1f98415757620b543a52e61c46b32eb19261f984","0x6da3be5c443be54567128409f078ceaee08e9828",67
"0x1f98415757620b543a52e61c46b32eb19261f984","0x509fde8900840c1f8900f3325c0000bdaa00b500",23
"0x1f98415757620b543a52e61c46b32eb19261f984","0xfa244e8ee58197f0acdc2254358bdae3769b7b7a",10
"0x1f98415757620b543a52e61c46b32eb19261f984","0xb47e3cd837ddf8e4c57f05d70ab865de6e193bbb",9
"0x1f98415757620b543a52e61c46b32eb19261f984","0x9161000056093dc4a9d2001a7a00002f4a0064c0",8
"0x3032ab3fa8c01d786d29dade018d7f2017918e12","0x1f9840a85d5af5bf1d1762f925bdaddc4201f984",4
"0x3d30b1ab88d487b0f3061f40de76845bec3f1e94","0x1f9840a85d5af5bf1d1762f925bdaddc4201f984",8
"0x408ed6354d4973f66138c91495f2f2fcbd8724c3","0x53a328f4086d7c0f1fa19e594c9b842125263026",55286
"0x408ed6354d4973f66138c91495f2f2fcbd8724c3","0x1f9840a85d5af5bf1d1762f925bdaddc4201f984",54896
"0x408ed6354d4973f66138c91495f2f2fcbd8724c3","0x1a9c8182c09f50c8318d769245bea52c32be35bc",433
"0x4750c43867ef5f89869132eccf19b9b6c4286e1a","0x1f9840a85d5af5bf1d1762f925bdaddc4201f984",40
"0x4b4e140d1f131fdad6fb59c13af796fd194e4135","0x1f9840a85d5af5bf1d1762f925bdaddc4201f984",19
"0x5ba1e12693dc8f9c48aad8770482f4739beed696","0x0330e9b4d0325ccff515e81dfbc7754f2a02ac57",656
"0x5ba1e12693dc8f9c48aad8770482f4739beed696","0xa0c68c638235ee32657e8f720a23cec1bfc77c77",654
"0x5ba1e12693dc8f9c48aad8770482f4739beed696","0x0b9857ae2d4a3dbe74ffe1d7df045bb7f96e4840",458
"0x5ba1e12693dc8f9c48aad8770482f4739beed696","0x25ace71c97b33cc4729cf772ae268934f7ab5fa1",399
"0x5ba1e12693dc8f9c48aad8770482f4739beed696","0x9a6f0891564325ab3846a50cf256a2fe7f1506da",388
"0x5e4be8bc9637f0eaa1a755019e06a68ce081d58f","0x1f9840a85d5af5bf1d1762f925bdaddc4201f984",1057
"0x5e4be8bc9637f0eaa1a755019e06a68ce081d58f","0x1a9c8182c09f50c8318d769245bea52c32be35bc",10
"0x6000da47483062a0d734ba3dc7576ce6a0b645c4","0x000000000022d473030f116ddee9f6b43ac78ba3",654607
"0x6000da47483062a0d734ba3dc7576ce6a0b645c4","0x37a8f295612602f2774d331e562be9e61b83a327",169081
"0x6000da47483062a0d734ba3dc7576ce6a0b645c4","0xa0b86991c6218b36c1d19d4a2e9eb0ce3606eb48",135622
"0x6000da47483062a0d734ba3dc7576ce6a0b645c4","0xdac17f958d2ee523a2206206994597c13d831ec7",131787
"0x6000da47483062a0d734ba3dc7576ce6a0b645c4","0x77d5f03822f94b39ad6117f6a46761ec5879031b",119635
"0x61ffe014ba17989e743c5f6cb21bf9697530b21e","0xd4b4f6aceda96294bf52f126acadfb3190676ae5",736
"0x61ffe014ba17989e743c5f6cb21bf9697530b21e","0x510b6665004a9393d56868461b93ba8134e04478",569
"0x61ffe014ba17989e743c5f6cb21bf9697530b21e","0xc1de0e023d1efe8e8df9d64508f8f4190562aa6f",560
"0x61ffe014ba17989e743c5f6cb21bf9697530b21e","0x88e6a0c2ddd26feeb64f039a2c41296fcb3f5640",502
"0x61ffe014ba17989e743c5f6cb21bf9697530b21e","0xe1903edc010d0e55f9eb7b250246da3b6e0192bd",480
"0x66a9893cc07d91d95644aedd05d03f95e1dba8af","0xc02aaa39b223fe8d0a0e5c4f27ead9083c756cc2",4362919
"0x66a9893cc07d91d95644aedd05d03f95e1dba8af","0x000000000004444c5dc75cb358380d2e3de08a90",1748275
"0x66a9893cc07d91d95644aedd05d03f95e1dba8af","0x000000000022d473030f116ddee9f6b43ac78ba3",1300551
"0x66a9893cc07d91d95644aedd05d03f95e1dba8af","0xa0b86991c6218b36c1d19d4a2e9eb0ce3606eb48",478800
"0x66a9893cc07d91d95644aedd05d03f95e1dba8af","0xdac17f958d2ee523a2206206994597c13d831ec7",352212
"0x68b3465833fb72a70ecdf485e0e4c7bd8665fc45","0xc02aaa39b223fe8d0a0e5c4f27ead9083c756cc2",44975270
"0x68b3465833fb72a70ecdf485e0e4c7bd8665fc45","0xa0b86991c6218b36c1d19d4a2e9eb0ce3606eb48",3878441
"0x68b3465833fb72a70ecdf485e0e4c7bd8665fc45","0x88e6a0c2ddd26feeb64f039a2c41296fcb3f5640",1577798
"0x68b3465833fb72a70ecdf485e0e4c7bd8665fc45","0xb4e16d0168e52d35cacd2c6185b44281ec28c9dc",1347368
"0x68b3465833fb72a70ecdf485e0e4c7bd8665fc45","0xdac17f958d2ee523a2206206994597c13d831ec7",1229538
"0x6c3e4cb2e96b01f4b866965a91ed4437839a121a","0x0d4a11d5eeaac28ec3f61d100daf4d40471f1852",30549
"0x6c3e4cb2e96b01f4b866965a91ed4437839a121a","0x1f9840a85d5af5bf1d1762f925bdaddc4201f984",16107
"0x7a250d5630b4cf539739df2c5dacb4c659f2488d","0xc02aaa39b223fe8d0a0e5c4f27ead9083c756cc2",133367857
"0x7a250d5630b4cf539739df2c5dacb4c659f2488d","0x0d4a11d5eeaac28ec3f61d100daf4d40471f1852",8139554
"0x7a250d5630b4cf539739df2c5dacb4c659f2488d","0xb4e16d0168e52d35cacd2c6185b44281ec28c9dc",6092848
"0x7a250d5630b4cf539739df2c5dacb4c659f2488d","0x5c69bee701ef814a2b6a3edd4b1652cb9cc5aa6f",3463233
"0x7a250d5630b4cf539739df2c5dacb4c659f2488d","0xdac17f958d2ee523a2206206994597c13d831ec7",2870706
"0x7fba4b8dc5e7616e59622806932dbea72537a56b","0xb4e16d0168e52d35cacd2c6185b44281ec28c9dc",22046
"0x7fba4b8dc5e7616e59622806932dbea72537a56b","0x1f9840a85d5af5bf1d1762f925bdaddc4201f984",11560
"0x7ffe42c4a5deea5b0fec41c94c136cf115597227","0x000000000004444c5dc75cb358380d2e3de08a90",22
"0xa1484c3aa22a66c62b77e0ae78e15258bd0cb711","0xa478c2975ab1ea89e8196811f51a7b7ade33eb11",42335
"0xa1484c3aa22a66c62b77e0ae78e15258bd0cb711","0x1f9840a85d5af5bf1d1762f925bdaddc4201f984",20984
"0xa5644e29708357803b5a882d272c41cc0df92b34","0xc02aaa39b223fe8d0a0e5c4f27ead9083c756cc2",26892
"0xa5644e29708357803b5a882d272c41cc0df92b34","0xc36442b4a4522e871399cd717abdd847ab11fe88",11436
"0xa5644e29708357803b5a882d272c41cc0df92b34","0xd3d2e2692501a5c9ca623199d38826e513033a17",5553
"0xa5644e29708357803b5a882d272c41cc0df92b34","0x1f9840a85d5af5bf1d1762f925bdaddc4201f984",4160
"0xa5644e29708357803b5a882d272c41cc0df92b34","0xa0b86991c6218b36c1d19d4a2e9eb0ce3606eb48",2617
"0xbd216513d74c8cf14cf4747e6aaa6420ff64ee9e","0x000000000004444c5dc75cb358380d2e3de08a90",138762
"0xbd216513d74c8cf14cf4747e6aaa6420ff64ee9e","0x000000000022d473030f116ddee9f6b43ac78ba3",18953
"0xbd216513d74c8cf14cf4747e6aaa6420ff64ee9e","0xc02aaa39b223fe8d0a0e5c4f27ead9083c756cc2",2303
"0xbd216513d74c8cf14cf4747e6aaa6420ff64ee9e","0xa0b86991c6218b36c1d19d4a2e9eb0ce3606eb48",591
"0xbd216513d74c8cf14cf4747e6aaa6420ff64ee9e","0xdac17f958d2ee523a2206206994597c13d831ec7",294
"0xc36442b4a4522e871399cd717abdd847ab11fe88","0xc02aaa39b223fe8d0a0e5c4f27ead9083c756cc2",3523200
"0xc36442b4a4522e871399cd717abdd847ab11fe88","0x88e6a0c2ddd26feeb64f039a2c41296fcb3f5640",691272
"0xc36442b4a4522e871399cd717abdd847ab11fe88","0xa0b86991c6218b36c1d19d4a2e9eb0ce3606eb48",572939
"0xc36442b4a4522e871399cd717abdd847ab11fe88","0x8ad599c3a0ff1de082011efddc58f1908eb6e6d8",468713
"0xc36442b4a4522e871399cd717abdd847ab11fe88","0xcbcdf9626bc03e24f779434178a73a0b4bad62ed",191201
"0xc4e172459f1e7939d522503b81afaac1014ce6f6","0x1f9840a85d5af5bf1d1762f925bdaddc4201f984",524
"0xc4e172459f1e7939d522503b81afaac1014ce6f6","0x1a9c8182c09f50c8318d769245bea52c32be35bc",15
"0xca35e32e7926b96a9988f61d510e038108d8068e","0xbb2b8038a1640196fbe3e38816f3e67cba72d940",28126
"0xca35e32e7926b96a9988f61d510e038108d8068e","0x1f9840a85d5af5bf1d1762f925bdaddc4201f984",15515
"0xe34139463ba50bd61336e0c446bd8c0867c6fe65","0xc36442b4a4522e871399cd717abdd847ab11fe88",74426
"0xe34139463ba50bd61336e0c446bd8c0867c6fe65","0x102c776ddb30c754ded4fdcc77a19230a60d4e4f",13505
"0xe34139463ba50bd61336e0c446bd8c0867c6fe65","0x01a8227d4e7c3068ad1000c97a059af5c5fa3476",8920
"0xe34139463ba50bd61336e0c446bd8c0867c6fe65","0x19fe9857bb3652e9007f2347a1f877ffa9215f7f",5974
"0xe34139463ba50bd61336e0c446bd8c0867c6fe65","0x8fe199d58ebbec1c9c8dc45c9961ce3ac33e939c",3736
"0xe3953d9d317b834592ab58ab2c7a6ad22b54075d","0x1f9840a85d5af5bf1d1762f925bdaddc4201f984",22
"0xe592427a0aece92de3edee1f18e0157c05861564","0xc02aaa39b223fe8d0a0e5c4f27ead9083c756cc2",11267581
"0xe592427a0aece92de3edee1f18e0157c05861564","0xa0b86991c6218b36c1d19d4a2e9eb0ce3606eb48",1487936
"0xe592427a0aece92de3edee1f18e0157c05861564","0x88e6a0c2ddd26feeb64f039a2c41296fcb3f5640",1214636
"0xe592427a0aece92de3edee1f18e0157c05861564","0xdac17f958d2ee523a2206206994597c13d831ec7",1181266
"0xe592427a0aece92de3edee1f18e0157c05861564","0x11b815efb8f581194ae79006d24e0d814b7697f6",938674
"0xf164fc0ec4e93095b804a4795bbe1e041497b92a","0xc02aaa39b223fe8d0a0e5c4f27ead9083c756cc2",934033
"0xf164fc0ec4e93095b804a4795bbe1e041497b92a","0xb4e16d0168e52d35cacd2c6185b44281ec28c9dc",162131
"0xf164fc0ec4e93095b804a4795bbe1e041497b92a","0x0d4a11d5eeaac28ec3f61d100daf4d40471f1852",87306
"0xf164fc0ec4e93095b804a4795bbe1e041497b92a","0xa43fe16908251ee70ef74718545e4fe6c5ccec9f",66990
"0xf164fc0ec4e93095b804a4795bbe1e041497b92a","0xa478c2975ab1ea89e8196811f51a7b7ade33eb11",56730