"from_address","to_address","call_count"
"0xb8ffc3cd6e7cf5a098a1c92f48009765b24088dc","0x2b33cf282f867a7ff693a66e11b0fcc5552e4425",8290218
"0xae7ab96520de3a18e5e111b5eaab095312d7fe84","0xb8ffc3cd6e7cf5a098a1c92f48009765b24088dc",7655903
"0xae7ab96520de3a18e5e111b5eaab095312d7fe84","0x17144556fd3424edc8fc8a4c940b2d04936d17eb",7645130
"0xfddf38947afb03c621c71b06c9c70bce73f12999","0x0000000000000000000000000000000000000002",1333913
"0xf73a1260d222f447210581ddf212d915c09a3249","0x5a98fcbea516cf06857215779fd812ca3bef1b32",1088342
"0x7f39c581f595b53c5cb19bd0b3f8da6c935e2ca0","0xae7ab96520de3a18e5e111b5eaab095312d7fe84",956123
"0xf73a1260d222f447210581ddf212d915c09a3249","0xb8ffc3cd6e7cf5a098a1c92f48009765b24088dc",593158
"0xf73a1260d222f447210581ddf212d915c09a3249","0xde3a93028f2283cc28756b3674bd657eafb992f4",593130
"0x5a98fcbea516cf06857215779fd812ca3bef1b32","0xf73a1260d222f447210581ddf212d915c09a3249",593102
"0xfddf38947afb03c621c71b06c9c70bce73f12999","0x00000000219ab540356cbb839cbe05303d7705fa",190559
"0xae7ab96520de3a18e5e111b5eaab095312d7fe84","0x8f73e4c2a6d852bb4ab2a45e6a9cf5715b3228b7",155876
"0xae7ab96520de3a18e5e111b5eaab095312d7fe84","0x0000000000000000000000000000000000000001",155871
"0x7f39c581f595b53c5cb19bd0b3f8da6c935e2ca0","0x0000000000000000000000000000000000000001",32593
"0xfddf38947afb03c621c71b06c9c70bce73f12999","0xd8784e748f59ba711fb5643191ec3fadd50fb6df",18961
"0xae7ab96520de3a18e5e111b5eaab095312d7fe84","0xc1d0b3de6792bf6b4b37eccdcc24e45978cfd2eb",18125
"0xfddf38947afb03c621c71b06c9c70bce73f12999","0x55032650b14df07b85bf18a3a3ec8e0af2e028d5",13692
"0xae7ab96520de3a18e5e111b5eaab095312d7fe84","0x47ebab13b806773ec2a2d16873e2df770d130b50",10773
"0xae7ab96520de3a18e5e111b5eaab095312d7fe84","0x889edc2edab5f40e902b864ad4d7ade8e412f9b1",9393
"0xd624b08c83baecf0807dd2c6880c3154a5f0b288","0x852ded011285fe67063a08005c71a85690503cee",9296
"0xae7ab96520de3a18e5e111b5eaab095312d7fe84","0xfddf38947afb03c621c71b06c9c70bce73f12999",8732
"0x9895f0f17cc1d1891b6f18ee0b483b6f221b37bb","0xb8ffc3cd6e7cf5a098a1c92f48009765b24088dc",7660
"0x9895f0f17cc1d1891b6f18ee0b483b6f221b37bb","0x9f3b9198911054b122fdb865f8a5ac516201c339",7654
"0xb8ffc3cd6e7cf5a098a1c92f48009765b24088dc","0x9895f0f17cc1d1891b6f18ee0b483b6f221b37bb",7289
"0xfddf38947afb03c621c71b06c9c70bce73f12999","0x89eda99c0551d4320b56f82dde8df2f8d2ef81aa",3341
"0xfddf38947afb03c621c71b06c9c70bce73f12999","0xae7b191a31f627b4eb1d4dac64eab9976995b433",2859
"0x2e59a20f205bb85a89c53f1936454680651e618e","0x5a98fcbea516cf06857215779fd812ca3bef1b32",2272
"0xae7ab96520de3a18e5e111b5eaab095312d7fe84","0x9305c1dbfe22c12c66339184c0025d7006f0f1cc",2116
"0x442af784a788a5bd6f42a01ebe9f287a871243fb","0xb8ffc3cd6e7cf5a098a1c92f48009765b24088dc",1551
"0xffa96d84def2ea035c7ab153d8b991128e3d72fd","0xfddf38947afb03c621c71b06c9c70bce73f12999",1523
"0x442af784a788a5bd6f42a01ebe9f287a871243fb","0xa29b819654ce6224a222bb5f586920105e2d7e0e",1508
"0xffa96d84def2ea035c7ab153d8b991128e3d72fd","0x0000000000000000000000000000000000000001",1431
"0xfddf38947afb03c621c71b06c9c70bce73f12999","0xda7de2ecddfccc6c3af10108db212acbbf9ea83f",1355
"0x2e59a20f205bb85a89c53f1936454680651e618e","0xb8ffc3cd6e7cf5a098a1c92f48009765b24088dc",1345
"0xd15a672319cf0352560ee76d9e89eab0889046d3","0xae7ab96520de3a18e5e111b5eaab095312d7fe84",1343
"0xae7ab96520de3a18e5e111b5eaab095312d7fe84","0xd15a672319cf0352560ee76d9e89eab0889046d3",1330
"0x2e59a20f205bb85a89c53f1936454680651e618e","0x72fb5253ad16307b9e773d2a78cac58e309d5ba4",823
"0x6232397ebac4f5772e53285b26c47914e9461e75","0xc1d0b3de6792bf6b4b37eccdcc24e45978cfd2eb",818
"0x3e40d73eb977dc6a537af587d48316fee66e9c8c","0xb8ffc3cd6e7cf5a098a1c92f48009765b24088dc",731
"0x388c818ca8b9251b393131c08a736a67ccb19297","0xae7ab96520de3a18e5e111b5eaab095312d7fe84",669
"0xb9d7934878b5fb9610b3fe8a5e441e8fad7e293f","0xcc52f17756c04bba7e377716d7062fc36d7f69fd",668
"0xae7ab96520de3a18e5e111b5eaab095312d7fe84","0x388c818ca8b9251b393131c08a736a67ccb19297",668
"0xb9d7934878b5fb9610b3fe8a5e441e8fad7e293f","0xae7ab96520de3a18e5e111b5eaab095312d7fe84",665
"0xae7ab96520de3a18e5e111b5eaab095312d7fe84","0xb9d7934878b5fb9610b3fe8a5e441e8fad7e293f",665
"0x6232397ebac4f5772e53285b26c47914e9461e75","0xfddf38947afb03c621c71b06c9c70bce73f12999",544
"0xae7ab96520de3a18e5e111b5eaab095312d7fe84","0x6232397ebac4f5772e53285b26c47914e9461e75",544
"0xae7ab96520de3a18e5e111b5eaab095312d7fe84","0x442af784a788a5bd6f42a01ebe9f287a871243fb",515
"0x2e59a20f205bb85a89c53f1936454680651e618e","0xf165148978fa3ce74d76043f833463c340cfb704",470
"0xb9e5cbb9ca5b0d659238807e84d0176930753d86","0xb8ffc3cd6e7cf5a098a1c92f48009765b24088dc",456
"0x3e40d73eb977dc6a537af587d48316fee66e9c8c","0x3a93c17fc82cc33420d1809dda9fb715cc89dd37",322
"0xfddf38947afb03c621c71b06c9c70bce73f12999","0x7e70de6d1877b3711b2beda7ba00013c7142d993",303
"0xffa96d84def2ea035c7ab153d8b991128e3d72fd","0xae7ab96520de3a18e5e111b5eaab095312d7fe84",303
"0xffa96d84def2ea035c7ab153d8b991128e3d72fd","0x00000000219ab540356cbb839cbe05303d7705fa",303
"0xb9e5cbb9ca5b0d659238807e84d0176930753d86","0x3e40d73eb977dc6a537af587d48316fee66e9c8c",228
"0xb9e5cbb9ca5b0d659238807e84d0176930753d86","0x836835289a2e81b66ae5d95b7c8dbc0480dcf9da",228
"0x3e40d73eb977dc6a537af587d48316fee66e9c8c","0xae7ab96520de3a18e5e111b5eaab095312d7fe84",155
"0xae7ab96520de3a18e5e111b5eaab095312d7fe84","0xe6793b9e4fba7de0ee833f9d02bba7db5eb27823",150
"0x6232397ebac4f5772e53285b26c47914e9461e75","0x852ded011285fe67063a08005c71a85690503cee",138
"0x6232397ebac4f5772e53285b26c47914e9461e75","0x889edc2edab5f40e902b864ad4d7ade8e412f9b1",136
"0x6232397ebac4f5772e53285b26c47914e9461e75","0xd15a672319cf0352560ee76d9e89eab0889046d3",136
"0x2e59a20f205bb85a89c53f1936454680651e618e","0x3e40d73eb977dc6a537af587d48316fee66e9c8c",91
"0x3e40d73eb977dc6a537af587d48316fee66e9c8c","0x853cc0d5917f49b57b8e9f89e491f5e18919093a",90
"0x3e40d73eb977dc6a537af587d48316fee66e9c8c","0x5ceb19e1890f677c3676d5ecdf7c501eba01a054",90
"0xf95f069f9ad107938f6ba802a3da87892298610e","0x0000000000000000000000000000000000000004",47
"0x2e59a20f205bb85a89c53f1936454680651e618e","0xf0211b7660680b49de1a7e9f25c65660f0a13fea",44
"0x442af784a788a5bd6f42a01ebe9f287a871243fb","0x1430194905301504e8830ce4b0b0df7187e84abd",43
"0x2e59a20f205bb85a89c53f1936454680651e618e","0x9895f0f17cc1d1891b6f18ee0b483b6f221b37bb",30
"0x3e40d73eb977dc6a537af587d48316fee66e9c8c","0x6b175474e89094c44da98b954eedeac495271d0f",29
"0xf73a1260d222f447210581ddf212d915c09a3249","0x2e59a20f205bb85a89c53f1936454680651e618e",28
"0xf73a1260d222f447210581ddf212d915c09a3249","0x853cc0d5917f49b57b8e9f89e491f5e18919093a",28
"0xf73a1260d222f447210581ddf212d915c09a3249","0x5ceb19e1890f677c3676d5ecdf7c501eba01a054",28
"0x3e40d73eb977dc6a537af587d48316fee66e9c8c","0x5a98fcbea516cf06857215779fd812ca3bef1b32",25
"0x2e59a20f205bb85a89c53f1936454680651e618e","0x853cc0d5917f49b57b8e9f89e491f5e18919093a",17
"0x2e59a20f205bb85a89c53f1936454680651e618e","0x5ceb19e1890f677c3676d5ecdf7c501eba01a054",17
"0x3e40d73eb977dc6a537af587d48316fee66e9c8c","0x55032650b14df07b85bf18a3a3ec8e0af2e028d5",15
"0x3e40d73eb977dc6a537af587d48316fee66e9c8c","0xa0b86991c6218b36c1d19d4a2e9eb0ce3606eb48",15
"0x3e40d73eb977dc6a537af587d48316fee66e9c8c","0xfddf38947afb03c621c71b06c9c70bce73f12999",13
"0x442af784a788a5bd6f42a01ebe9f287a871243fb","0xae7ab96520de3a18e5e111b5eaab095312d7fe84",12
"0x2e59a20f205bb85a89c53f1936454680651e618e","0x55032650b14df07b85bf18a3a3ec8e0af2e028d5",10
"0x2e59a20f205bb85a89c53f1936454680651e618e","0xb9e5cbb9ca5b0d659238807e84d0176930753d86",8
"0x3e40d73eb977dc6a537af587d48316fee66e9c8c","0x7fadb6358950c5faa66cb5eb8ee5147de3df355a",7
"0x3e40d73eb977dc6a537af587d48316fee66e9c8c","0xd15a672319cf0352560ee76d9e89eab0889046d3",7
"0x3e40d73eb977dc6a537af587d48316fee66e9c8c","0xd624b08c83baecf0807dd2c6880c3154a5f0b288",7
"0x3e40d73eb977dc6a537af587d48316fee66e9c8c","0xdac17f958d2ee523a2206206994597c13d831ec7",7
"0x0cb113890b04b49455dfe06554e2d784598a29c9","0x2325b0a607808de42d918db07f925ffccfbb2968",6
"0x6c82877cac5a7a739f16ca0a89c0a328b8764a24","0x0000000000000000000000000000000000000004",6
"0x3e40d73eb977dc6a537af587d48316fee66e9c8c","0xda7de2ecddfccc6c3af10108db212acbbf9ea83f",6
"0x3e40d73eb977dc6a537af587d48316fee66e9c8c","0x0de4ea0184c2ad0baca7183356aea5b8d5bf5c6e",5
"0x0d97e876ad14db2b183cfeeb8aa1a5c788eb1831","0x468efc7aceb906c7923fb7180144cf21ddf5f5c1",5
"0x3e40d73eb977dc6a537af587d48316fee66e9c8c","0x889edc2edab5f40e902b864ad4d7ade8e412f9b1",4
"0x3e40d73eb977dc6a537af587d48316fee66e9c8c","0x9305c1dbfe22c12c66339184c0025d7006f0f1cc",4
"0x0cb113890b04b49455dfe06554e2d784598a29c9","0x468efc7aceb906c7923fb7180144cf21ddf5f5c1",4
"0x0cb113890b04b49455dfe06554e2d784598a29c9","0x40757238d800e0c1d88cdbd3331669d36b6c53a1",4
"0x3e40d73eb977dc6a537af587d48316fee66e9c8c","0x71093eff8d8599b5fa340d665ad60fa7c80688e4",4
"0xf9339de629973c60c4d2b76749c81e6f40960e3a","0x468efc7aceb906c7923fb7180144cf21ddf5f5c1",3
"0x3e40d73eb977dc6a537af587d48316fee66e9c8c","0x76943c0d61395d8f2edf9060e1533529cae05de6",3
"0x442af784a788a5bd6f42a01ebe9f287a871243fb","0xd624b08c83baecf0807dd2c6880c3154a5f0b288",3
"0x442af784a788a5bd6f42a01ebe9f287a871243fb","0x55a7e1cbd678d9ebd50c7d69dc75203b0dbdd431",3
"0xf5dc67e54fc96f993cd06073f71ca732c1e654b1","0x468efc7aceb906c7923fb7180144cf21ddf5f5c1",3
"0xae7ab96520de3a18e5e111b5eaab095312d7fe84","0x55032650b14df07b85bf18a3a3ec8e0af2e028d5",3
"0x0d97e876ad14db2b183cfeeb8aa1a5c788eb1831","0xa8a358e9bbb9ff60d4b89cbe5b2fe88f98b51b9d",3
"0x3e40d73eb977dc6a537af587d48316fee66e9c8c","0x231ac69a1a37649c6b06a71ab32ddd92158c80b8",2
"0xf9339de629973c60c4d2b76749c81e6f40960e3a","0xa8a358e9bbb9ff60d4b89cbe5b2fe88f98b51b9d",2
"0x0cb113890b04b49455dfe06554e2d784598a29c9","0x1af7214cad048206462fcbd1cc1658fbe348d8e6",2
"0xf5dc67e54fc96f993cd06073f71ca732c1e654b1","0xa8a358e9bbb9ff60d4b89cbe5b2fe88f98b51b9d",2
"0x442af784a788a5bd6f42a01ebe9f287a871243fb","0x852ded011285fe67063a08005c71a85690503cee",2
"0x2e59a20f205bb85a89c53f1936454680651e618e","0x0d97e876ad14db2b183cfeeb8aa1a5c788eb1831",2
"0xae7ab96520de3a18e5e111b5eaab095312d7fe84","0x32ecab571d114968306e093e16aa7a8e72dccfd5",2
"0x3e40d73eb977dc6a537af587d48316fee66e9c8c","0x1a7cfa9efb4d5bffde87b0faeb1fc65d653868c0",2
"0x2e59a20f205bb85a89c53f1936454680651e618e","0xa818ff9ec93122bf9401ab4340c42de638cd600a",2
"0x4ee3118e3858e8d7164a634825bfe0f73d99c792","0x468efc7aceb906c7923fb7180144cf21ddf5f5c1",2
"0x2e59a20f205bb85a89c53f1936454680651e618e","0xae7b191a31f627b4eb1d4dac64eab9976995b433",2
"0x3e40d73eb977dc6a537af587d48316fee66e9c8c","0xc1d0b3de6792bf6b4b37eccdcc24e45978cfd2eb",2
"0x2e59a20f205bb85a89c53f1936454680651e618e","0xfddf38947afb03c621c71b06c9c70bce73f12999",1
"0x388c818ca8b9251b393131c08a736a67ccb19297","0x973693cd07f9b3b60a899ad1cc8415a25150bc48",1
"0x2e59a20f205bb85a89c53f1936454680651e618e","0x0cb113890b04b49455dfe06554e2d784598a29c9",1
"0x2e59a20f205bb85a89c53f1936454680651e618e","0xf5dc67e54fc96f993cd06073f71ca732c1e654b1",1
"0x388c818ca8b9251b393131c08a736a67ccb19297","0x2ff2b86c156583b1135c584fd940a1996fa4230b",1
"0x3e40d73eb977dc6a537af587d48316fee66e9c8c","0x25ace71c97b33cc4729cf772ae268934f7ab5fa1",1
"0x0cb113890b04b49455dfe06554e2d784598a29c9","0x83a67f510ccbeb4430753950942f3c7b51ff4656",1
"0x2e59a20f205bb85a89c53f1936454680651e618e","0x4ee3118e3858e8d7164a634825bfe0f73d99c792",1
"0x388c818ca8b9251b393131c08a736a67ccb19297","0x111111111117dc0aa78b770fa6a738034120c302",1
"0x4ee3118e3858e8d7164a634825bfe0f73d99c792","0xa8a358e9bbb9ff60d4b89cbe5b2fe88f98b51b9d",1
"0x3e40d73eb977dc6a537af587d48316fee66e9c8c","0xdffcd3bf14796a62a804c1b16f877cf7120379db",1
"0x3e40d73eb977dc6a537af587d48316fee66e9c8c","0xda1df6442afd2ec36abea91029794b9b2156add0",1
"0x3e40d73eb977dc6a537af587d48316fee66e9c8c","0x852ded011285fe67063a08005c71a85690503cee",1
"0x2e59a20f205bb85a89c53f1936454680651e618e","0x2325b0a607808de42d918db07f925ffccfbb2968",1
"0xb9d7934878b5fb9610b3fe8a5e441e8fad7e293f","0x973693cd07f9b3b60a899ad1cc8415a25150bc48",1
"0x2e59a20f205bb85a89c53f1936454680651e618e","0x852ded011285fe67063a08005c71a85690503cee",1
"0x2e59a20f205bb85a89c53f1936454680651e618e","0xf9339de629973c60c4d2b76749c81e6f40960e3a",1
"0xae7ab96520de3a18e5e111b5eaab095312d7fe84","0x56930ebcc87cff84dccacf2121f79b7746a23e74",1
"0x79243345edbe01a7e42edff5900156700d22611c","0x0000000000000000000000000000000000000004",1
"0xae7ab96520de3a18e5e111b5eaab095312d7fe84","0xcc2ca22aaefe22a0144a0260731a40a725affff0",1
"0xae7ab96520de3a18e5e111b5eaab095312d7fe84","0x11116b04c19ac7266c856cdc623b2903e102218d",1
"0x2e59a20f205bb85a89c53f1936454680651e618e","0x889edc2edab5f40e902b864ad4d7ade8e412f9b1",1
"0x3e40d73eb977dc6a537af587d48316fee66e9c8c","0xe07305f43b11f230eaa951002f6a55a16419b707",1
"0x3e40d73eb977dc6a537af587d48316fee66e9c8c","0xa2f987a546d4cd1c607ee8141276876c26b72bdf",1
"0x8b3f33234abd88493c0cd28de33d583b70bede35","0xae7ab96520de3a18e5e111b5eaab095312d7fe84",1
"0x2e59a20f205bb85a89c53f1936454680651e618e","0xb9d7934878b5fb9610b3fe8a5e441e8fad7e293f",1
"0x3e40d73eb977dc6a537af587d48316fee66e9c8c","0x8b3f33234abd88493c0cd28de33d583b70bede35",1
